"","V1","V2","V3","V4","V5"
"1",0.0590759976291364,-0.421203203694778,1.0248239101675,0.661710753898379,-0.478273045292928
"2",-1.14165234835839,-0.646678855731249,-0.323432924642049,0.191659673916579,1.05754339681901
"3",-0.860871602173673,0.157266398913261,-1.98731646741023,-0.447674920539418,-0.0502506151549497
"4",0.0535440148685057,0.482745679126261,0.587328635916708,-2.17795018011037,0.721317559359659
"5",0.441503127260786,1.47354558725816,0.186374614367236,-0.193732275876323,1.19563456317694
"6",-1.09888924850194,1.13281497597343,0.0547541267502529,0.780463528435444,0.579517587123122
"7",0.254346136690876,-0.0785794284279317,-0.0649728930653525,-0.231363718781924,-0.382889228454571
"8",0.631418166546785,-0.651413662500945,0.372524258961791,-1.2346639731731,1.53327600038594
"9",-0.411106125695585,-0.69560071369824,-0.0852399486098331,-0.675038647991266,0.561417565952688
"10",0.655920818635887,-1.78688705690485,0.907877241823927,0.222502726439454,-0.324255360018527
"11",-0.0762793289674773,-1.11003679701096,-0.821643080145538,-2.42522061019244,0.211425759478649
"12",1.54348699367487,0.0941570554646293,1.17412784453125,-0.864730836653657,0.0893534177006271
"13",0.722449989168593,-0.337867052127536,-1.37651201790545,0.854700764917378,-0.372091451057103
"14",-0.376813587565597,-0.141722993433644,0.194375691775576,-1.50251015094586,0.138789596088585
"15",0.736299828784078,-1.05200369856077,1.75973663854383,0.0860827567803437,0.363935095552599
"16",-0.188424437691239,-0.125894661366758,0.389267303337055,0.0495436778618247,-1.46083507363737
"17",-0.0978130665428456,-0.764607664867975,-0.0207201649291037,-1.11837527007529,0.850110739344997
"18",-0.445929479602075,0.807992762267692,-0.960082496997522,0.147692344002949,1.27114363097919
"19",0.280811461153751,1.44782778570656,-0.181941982075004,-0.879363983541334,0.146194878684918
"20",-0.289302732629899,1.12809898439248,-0.728331997169011,0.835490078403255,0.731878106733241
"21",1.39758554074932,0.31880507302005,-0.124066908638969,0.075631048175809,-0.135624534025365
"22",1.72226951966487,0.0888840043118274,-1.45671849129346,-0.451656476918251,-1.86841118617376
"23",1.06316429534651,-0.895755903333961,0.0948410360778622,-0.570193327971553,0.0255321535952434
"24",-2.21524442603604,0.743317944868807,-0.104686223431082,0.750977980331451,1.77918766942162
"25",-0.355631284553829,-0.937006640182712,-0.572334578160039,0.136979744790168,0.132028639552448
"26",-1.25102945410503,0.101688341891896,-0.811643765834792,-0.514648688930323,-0.483125255039775
"27",1.97129351691199,0.0603801669298607,-0.464942708481256,0.417688488159066,-1.84910700000099
"28",-0.504483815137628,0.0667505264400998,-1.57728258508152,0.668487748502496,0.799952509533177
"29",1.373919252252,-0.444430340934498,0.860200834104109,0.344943271175495,0.777070569084084
"30",0.446110178286926,-0.194951606124809,-0.0472425644974182,-1.53717937854009,0.79441007678089
"31",-1.27743281286702,-0.470042009759061,-1.8896697138846,-0.373024117815412,0.486207441119241
"32",1.3637614407888,0.528299329942195,-0.329075014893355,0.6411491258054,-1.99216688069038
"33",-0.440288554298456,-1.66345218163129,-0.778788389331053,-1.57200629031722,0.26123322658132
"34",0.774114176227753,1.76902767288296,0.0153510184237027,0.48677928961792,1.75128178009649
"35",0.91948670192874,2.12778247136959,-2.17088606503028,-1.47225706775769,0.0240832498820539
"36",0.110894937116971,0.350098757814025,0.330669729245093,-0.760933768310529,-1.86931257040878
"37",-0.513946284089219,1.30706577318868,-0.230326459780178,-0.68999655912909,-0.77096584097206
"38",-0.547737181325014,0.23355404570404,1.10070841347,0.847187248977017,-0.0520478832157169
"39",-1.2892876768275,-0.391498322451595,1.36842348954146,1.46696178014552,0.132952491703322
"40",-0.0973808085605649,0.370047630097657,1.24883993648432,0.720405418925668,0.362271980772188
"41",1.11722556465427,0.417498745957006,1.04553419166999,-0.197939130968364,2.44935908973892
"42",-1.43032233873653,0.39693282126813,-2.90817173436253,0.92589045027764,0.0989584883453605
"43",0.0114835231807879,1.09342550957063,-0.429933202898806,0.0554400473155215,-1.90143826395325
"44",0.29618439598356,-2.68374375020243,-1.58826146838513,0.421019297836034,-0.0135384107613385
"45",-1.25280123431425,2.86961228189155,-1.34267093403337,-2.40037258305051,1.71545687280963
"46",0.860508364897895,0.198180610563931,-0.712717957826113,1.49891569941672,-1.20322407433449
"47",-0.954187220398557,-0.288597113040529,-0.38030404083749,0.702104004740144,-1.25000561537468
"48",-0.543778339290104,0.0950214738792386,-0.90868812440667,-0.366186592776309,-0.232839726324106
"49",-0.189390403576728,-0.324317175671036,1.3375901892594,-1.70158401638566,-0.341375839581466
"50",-0.525299584632381,-1.12662449297688,0.940291527249695,-0.588337456244507,-0.427855073473704
"51",-0.64362192361522,-0.302509880096733,0.934709815096366,-0.56560381808217,-2.27624453026263
"52",1.54086581699005,2.08447500348204,0.0347981932893497,-0.925249728691326,1.8189974096591
"53",-0.683698407633872,1.41172156166724,-0.645829770099836,-0.129780887091255,-0.405830762860426
"54",0.763523585871755,-0.95198226001292,-0.561710535156395,-0.470773937641478,0.599013784066937
"55",-0.671583621825349,-0.403196091033292,0.384550844694481,-1.3991011670027,0.0879142165522795
"56",1.79088355009426,-0.735524090127625,0.110082557442151,-0.90704489473992,0.299812574580805
"57",0.839413498295002,-0.55711295324806,-1.22973125461008,0.056694939322445,0.538857138139678
"58",-1.06312555172959,1.00393673549564,1.10127300925269,0.083430442534592,1.34555673567213
"59",-3.38076651811892,-0.111558447114482,-0.952786216423945,-0.241995042649325,-0.405888763220273
"60",-0.153593576419972,-1.22324759507296,-0.12385668253995,-1.97667955466616,0.00754324400689427
"61",-0.220560569440708,0.779999420071353,-1.87719335025646,-0.284308143564895,0.285446798025528
"62",1.59879688381711,0.409912452635292,-1.55663525242053,-0.605258271098684,0.11396435198522
"63",1.14993375322708,0.366862613974004,-0.321161960089459,0.805477395747312,-2.05949112554963
"64",-1.05550757448933,-0.523026060628789,0.858750477414613,-0.797445445959018,0.700646943006964
"65",-0.782909184962518,-0.350731487925048,-0.81661006525673,1.21693657643275,0.77729679170179
"66",-0.195563810190712,-0.254692735920392,-0.74100960559663,-0.618116813812322,0.418338005753983
"67",0.648637753257499,-0.331471776418078,0.972249567775064,-1.09629571673249,-0.249566315562382
"68",-0.279978508394262,-0.405588092250755,-0.603174534635293,-3.94787367825336,-0.676306321704006
"69",-0.236359933020562,1.36494280137129,-1.23134297425014,-0.192681202175682,0.0319920340973758
"70",0.689127521533668,0.168876635476539,-0.0862705272315504,1.17296487591643,-1.60772994508818
"71",0.299590005603564,1.67627288083898,0.600433246674725,-0.528060511478419,1.47034594413622
"72",0.306553144101962,0.153994319365331,-0.349586178993887,-0.301474991637098,0.459718931059453
"73",0.150900300256123,-0.653748885366364,-0.00814307301865968,1.49227902486227,0.850821650618603
"74",0.509077005280582,-1.44270399410173,1.16880906741271,-0.848247297676515,-0.584906794574373
"75",0.191547179226567,0.102405794407653,-0.0281480858056422,0.305752456877964,0.149003025169158
"76",-0.433406304867495,0.312674876553405,1.02437781278675,1.22942173232245,0.507256249119263
"77",-0.132635785330188,2.0820323313946,-0.314146362984991,0.133838820738901,0.245798386054689
"78",2.22272764029979,-0.544186149628986,-0.153681691221147,0.917679735460608,0.676824277268155
"79",0.50333115325144,-0.764391536099417,0.668217808850722,-0.564750997757278,-1.9255337937753
"80",0.473972469485198,-1.93292148873009,-0.319905875190229,-0.588257017276768,-1.75614871334953
"81",0.810474979256613,-0.74464100216618,-0.410842040841507,1.56062822039205,0.422132126753091
"82",0.17388015070624,-0.424386108138781,1.00747790854268,0.707628675776777,0.100250756042647
"83",-0.493445146909026,-0.600106577983402,0.321847439659743,0.384115543426623,1.49509843164336
"84",-0.42818360345425,0.609595775086345,-0.679887479855915,0.0992524921902142,-0.622989041432408
"85",0.704155236275944,-1.08063744958011,0.790227995903662,-1.4852991671564,1.36178060364966
"86",-0.610644412464457,0.401442331290207,-0.471014792683444,0.663246530990196,0.826660563779758
"87",-1.00997555385737,-0.75969385018978,-0.166101676333665,-1.32115609291805,-1.12051134408481
"88",0.425046710441639,0.0135014405252905,0.377660299956052,-2.78407068694316,-0.258291575635036
"89",-2.17251640452183,2.76255880759956,0.31943636835116,-0.318650082900093,-0.416119683515686
"90",-1.32434129115728,-0.971525822526326,0.0302265727082462,-0.258865138983545,0.339958620337877
"91",1.4893835925961,0.630471881455786,-1.06897177284095,1.19779430912427,0.697448059863868
"92",1.57985298894117,-1.09823128629902,1.71551883722711,0.6525929733895,-0.547671924433799
"93",-0.333238625613685,2.35607696454967,-0.500445414323705,0.778073563011366,-0.0989894187853111
"94",0.695574042605862,-0.191961286518288,0.715615401449349,-0.242923941253695,-0.927813726051793
"95",0.404077212317045,-0.762287580001034,0.47385991646514,0.112730230805577,-0.140145881106906
"96",0.492590416944217,-1.41553166057536,-0.260293035845264,-1.2422530305685,0.852035065272057
"97",1.20282167626711,0.930453624551669,0.311829876155376,0.226882071589183,0.236325991573105
"98",0.504493841539382,0.181756253777532,0.371896263843168,0.563558203834897,0.48040096624676
"99",0.635119746944429,-0.00387645626411895,1.41871374855889,0.385800793458375,-0.501102035371653
"100",1.30169364541564,1.68297161663507,-1.40785592592785,0.487861309858644,-1.51012485183618
"101",0.860207485982479,0.298801284632141,-0.823335572359419,-0.454045521663192,-0.858624484809885
"102",0.504022581914308,1.0169415510061,1.19271122152559,-0.171154879195178,1.35781307193819
"103",-0.179886291187344,-1.40513443739122,-1.9621275366298,-0.777493751640285,-0.929937388914259
"104",0.332099563322253,1.27152526230978,0.132955044458188,0.35444938710362,-1.19831686567774
"105",-0.957643720197606,1.47559338197795,0.136245097755437,0.165541695436714,-0.747497018249875
"106",0.598613676395349,-1.21693983810215,-1.51391100746731,-0.888844643087964,-0.473150563141235
"107",0.659073616295164,0.951564802308811,1.53930647259956,-0.504269527271748,1.67080619216515
"108",0.516911303746996,-0.459205242798195,1.03600820412541,-0.205401186378652,-0.233739564366539
"109",0.645455660248149,0.504526816874192,-0.560336985291516,0.102480167780368,-0.106577324224668
"110",2.10124482186916,0.147142060783584,-1.18599063987275,-0.0114795410918447,0.0995506382586796
"111",0.792828712867955,-0.67171022244075,0.00243477829894729,0.539179716539417,0.474907802053265
"112",0.390436844222024,0.210341076718755,0.281435765166684,-1.02518690019618,0.70845878474435
"113",1.87534968117708,1.04943298412935,-2.28416969899936,-0.589504116314241,-1.63173637968461
"114",-1.71200791721284,-0.947247939764264,-2.56736206281061,-0.967432178003024,-1.12856761472232
"115",-0.87943224679166,0.679429149716436,-2.91032706831009,-1.00814025021725,-1.11001696929041
"116",-0.390348747402143,0.0355348675489532,0.0353612726504156,1.40865227030969,1.01953760932174
"117",1.18917120259742,-0.607956968767308,-0.981813838056962,1.16551523063252,-1.16418225085771
"118",0.539110071823629,1.06369207890946,-0.895865920720836,1.56574745821875,0.225218370891055
"119",1.61872697318912,0.610640096482269,-0.78700545987793,1.02786609999598,0.567576130741755
"120",1.43121153561914,-1.16462135847142,-0.506759374086045,-0.523704091821503,1.47486202803862
"121",-0.284415012776612,0.622529693241133,0.723211812526305,0.670089435915595,-0.424526009181239
"122",1.19263325770938,1.06720021343299,0.242632431188311,-1.44247944168697,0.760702292468165
"123",0.779149350913499,-1.46279759947873,0.697068475872744,0.325528788076825,-1.36671858565854
"124",-0.536092398739632,0.473895265246246,-0.236472448911132,1.36407324735498,0.0216691227901132
"125",0.0899651735627119,1.33831172675066,-1.19652491460896,1.70225705598022,0.717955274280456
"126",1.09639732880277,-0.716190222384069,-1.2661669657842,0.153725274044483,2.12469105672133
"127",-1.67133879354403,0.591381663261443,-2.53058308743777,1.19855513468293,0.339964386162095
"128",-0.486116439703452,-0.367027940596599,-1.43317399650083,0.398860168151027,-0.178800137245314
"129",-0.316040154595376,0.0178593410928152,0.617579735250879,0.7319832469673,-0.285677785656099
"130",0.779173952521565,-1.91063522176961,-0.539716391779647,0.138451696174818,0.57766233223751
"131",-1.54105378445133,1.67628747101467,0.148913819087595,-2.13954224628648,-0.285887081626845
"132",-0.55442447823311,0.900042878052991,0.766794808134355,0.657541547270603,0.534939039961224
"133",0.818576492006853,-1.91767986371339,0.238085527941176,-1.67170842206734,-2.0849592477539
"134",-0.060111355220253,-1.4437736849133,-0.348896229972446,-1.28080755550519,0.754717292006804
"135",0.573217908376847,-0.698495475217918,-1.1273317587987,-0.415974245097922,-0.72433521855862
"136",0.98115366121106,-0.462244340160677,-0.246334540755015,-0.326889157118403,-0.461092111522277
"137",0.099322120067272,-0.952615562651446,-1.01840230628106,1.11268961387696,-0.297635751792611
"138",-2.44467667888867,0.293245555376149,-0.000678593919837417,-1.03282880996352,0.207478703721516
"139",-0.561552103770238,-0.114041701552146,1.80930007463951,-0.153232163158069,0.675103943101328
"140",-1.37471964228865,-0.482472750583692,-0.645638815536602,0.280414689119448,0.891192888898219
"141",-0.266542031606052,-0.646271965880047,1.81161354693519,-1.11341180690694,-0.0323996801569928
"142",2.03779471039523,-1.90848600275728,1.7603177936629,-0.150856177537301,1.41177602708635
"143",0.683056341878945,-0.0926960261713946,-1.26982261974378,1.40007357254928,0.223989776856582
"144",0.149553596928211,0.850823918250882,-0.381269679655707,0.145224356162126,-0.304862469767787
"145",0.608683595697894,1.82831044774047,-1.49783312982859,-0.636687707221409,1.46252280008026
"146",0.0261314632705237,-0.215529451077832,-2.42998303606013,0.355707135292574,-0.356293356628804
"147",1.59079512107161,0.90976651402903,0.872330817471377,0.750172650696728,-0.460889864633713
"148",0.091664967517509,-0.566678517435849,0.00419225471034172,0.963542260093141,-0.656188110218023
"149",0.461447483122226,-0.228348600302507,1.82634512365161,-0.432527762234825,-0.224445311115005
"150",1.35419813043832,-1.28316023006673,0.257707247133323,-1.17539266671302,0.518655499888801
"151",-0.141124809931518,-0.792070635981826,2.55908791714549,0.293688427611685,1.11534972257547
"152",0.937703459966063,-1.28210078694854,0.377900290348922,1.12816844082017,-1.34313711730864
"153",-0.349254501690145,1.15881433784042,0.247324578708227,1.41101631752094,1.99359337892457
"154",-0.0867527232699268,-1.23740988206579,-0.617409061405707,-1.32260450481826,0.340164682044442
"155",-0.282932454662243,-0.639795805249129,0.229779112280602,0.94260483571924,1.30684620531596
"156",0.34492493794104,-0.55279171752156,0.106899868332525,-0.507947273503397,0.0520805324243585
"157",-3.00208716208053,-2.38902046839063,1.37932300478188,0.30978125208165,-0.647320973695262
"158",-0.222747315112065,-0.0190416507205524,-0.441885230466987,-0.409890518641538,-0.577565462318941
"159",-0.169806413669992,0.793951129244922,-0.508623365540737,-0.85400740970105,-0.801867395663088
"160",0.836860737645645,-1.26178762620793,-0.469519581822367,-0.00538515323435024,-1.30851882057629
"161",-1.47586920776328,-1.95389768899087,0.86689436711108,-0.135388517603183,-0.827833895408745
"162",1.67312442346263,0.801925594241853,1.09724862744101,1.14416615970816,-0.598395161950372
"163",-1.37884533803385,1.47821448815219,1.41696820709188,-1.52934459257869,-0.154108173911924
"164",-0.303868387204169,-0.488744664025095,-0.432888140741913,0.391042938231857,-0.611334070154376
"165",-1.08285236200723,-0.937605071137637,-1.29528105760746,0.447806460832182,-0.415755119929934
"166",0.246154581811159,-0.681976764205153,-1.07903003241432,-0.513948569675471,0.185377954965938
"167",-1.7507085476009,-0.322225932856482,1.2804369609088,-0.693119943142046,0.42057569847157
"168",-0.269424398059997,-1.36725911057615,-1.3451308486249,-1.56241247521343,-0.177961531396569
"169",-1.46677650421078,-0.529121395761325,-1.73179677963483,-2.20374586271283,0.295019237584306
"170",0.977029730845955,0.763954914903728,0.63512155419077,0.120573584738328,0.558298856206309
"171",0.523207287079689,-0.69456365482651,0.331351142743779,-0.177212008797199,0.036715897777691
"172",-0.269621516766925,0.565343415557065,-0.937367098261888,-0.633610348544527,-0.305331833827426
"173",-1.31951140017214,-1.53110385681235,0.855221379785781,-1.01505255075647,-0.819412799342791
"174",0.880675276785714,1.46057552077307,0.552445162677459,0.309636641575278,-0.395420923172598
"175",-0.644020247436965,0.553417832898296,0.171294447523819,1.55449827386601,-1.39745761510242
"176",-0.354847189317715,-0.816942871113212,1.15484787586011,-0.833554230831856,-1.14553181143426
"177",-0.514686906546415,0.0496038144730812,-0.7732460018353,0.640730514990001,0.368947519180463
"178",-0.314310416186301,0.356928931530659,-0.345074374240429,1.15633604519049,0.755692153175361
"179",0.237896131972838,-0.613623408690627,-0.692335537238496,1.33905239528111,0.0187618591250938
"180",-0.326648510109982,0.343681325279032,1.26001316841529,-0.176545339070131,-1.27234971425089
"181",0.0700238000321796,-0.422647812474634,-3.03792221174045,-2.289641263897,1.13675997099837
"182",-0.980570341760922,0.0235404556264474,-0.0675024820572722,1.91666861501455,-0.725151475641282
"183",-0.280069764057552,0.716475026143441,0.805863131005008,-1.39653204347106,1.43722457644415
"184",-1.71865281803836,0.413207267106874,-0.31521344327287,0.830143499226441,1.76432144686807
"185",-0.10005020587097,-0.108300936761473,-0.189087414893376,0.257936737925628,-1.62773190731066
"186",-1.04757585654728,0.481834770349309,-0.168940387989573,-0.260530020955028,-0.806694039082548
"187",-1.08535125018942,-0.98139595287188,-0.838233435787076,0.199328011168349,-1.40008533137857
"188",0.784943313203897,-0.298458532231057,-1.6167995119813,-0.310863780497806,-1.41815746491663
"189",-0.894484832520167,1.58315608119769,0.745022123540609,1.65268693158475,2.48300282116515
"190",0.733990624743809,-0.35458982617217,1.34430103202505,0.589618520713635,-0.399685154726127
"191",-0.276163270197519,-0.518069227393834,-0.741485274026034,-0.0457352557307059,-0.011444732323647
"192",1.05965857991058,-2.20313869545883,1.00587793682996,0.818406344950657,-1.14743977535204
"193",-1.15193867128648,-0.356141866412334,-0.165311164581081,-0.562482280515646,0.483705523711573
"194",1.79362797963975,0.0405128829798379,-0.165130283979923,-1.42316212737791,-0.0369168301710104
"195",1.35791450343579,-0.0689836080241652,-0.647356380890536,1.37428804938259,0.116826987975159
"196",0.777826159612422,-0.178655794442458,0.199050523191153,0.454951212489153,0.609711059067071
"197",-0.720506512990589,0.982341715887901,-0.398300324056744,-0.375598541801341,-0.459303857472198
"198",-1.40460285876281,-0.0246700388270123,-0.502832474668722,0.54681619214894,0.974961221320495
"199",1.12679915690816,-0.177006610743805,-1.8865619728256,0.684335768288623,0.153240075605694
"200",-0.486891566907333,-1.30204858444276,-1.81411175845838,-0.76591285793163,-0.787401765237928
"201",-0.868631580210789,-0.210294611305141,0.521993260558008,-1.97771487727159,0.499415188037379
"202",-1.19615890050845,-1.3125901873185,0.0643830453467751,0.154763465998097,-0.782711875164947
"203",-0.510935428314165,0.231721202169277,-0.504754949829248,-1.17965163129899,0.82779661505328
"204",0.0618707478436595,0.0179363485888829,-0.313268452373788,-2.81184589702228,-0.72871917420458
"205",1.24530749420406,-1.08705620112171,1.82547898580907,1.44993279327396,0.776081623786929
"206",0.0258253207187726,0.442338708336964,1.01193611277608,-0.231851292321298,2.33965116071499
"207",-0.206334074225778,-2.30410198207641,-0.13779965472846,0.0843176095653918,0.743114901094303
"208",0.457359181173904,0.618607077644704,-0.296097929965835,-1.0472808483815,-0.319989920297734
"209",0.745481076527331,0.933483098489535,0.842460584436432,0.265353782440627,1.12692037471832
"210",-0.924600260516907,-0.197553770082575,-0.433595993817627,0.772888584774857,0.971701270665806
"211",-0.595005047941729,-1.06720827749532,-0.0248623921017813,0.767408183883658,0.173005840270578
"212",0.324702100794989,0.791396732748122,0.38393725554486,0.148389408654409,1.90188243458623
"213",0.239569175079983,0.438559003054664,0.435806493586349,-0.990940393195452,0.546579132907797
"214",0.251089073957655,-1.60513394717045,0.748967905453246,0.216402444631323,-1.05008714579115
"215",-1.70021407542138,-0.440838729759565,-0.204191210032941,0.641079502285976,-0.229180554153615
"216",-0.41311799414438,-0.393939696067704,-0.937203875152825,-0.11080103722171,-1.18367879221577
"217",-2.57562895621979,-1.87998690116746,0.954809233461304,1.20231163945185,0.232027893987408
"218",0.68424636428555,-2.3358192923558,-0.30737596080117,0.776780420771445,0.567034615848236
"219",-0.74327634370316,-0.644185230420261,0.0472920356060112,-1.29456499701392,-0.0583816631406212
"220",-1.70979731315837,-1.94295433652857,-1.16361718344315,-2.12030391299493,-0.851109648357744
"221",1.12400788067679,1.75685566904762,-0.467402793166518,-0.251451083060218,-0.630701991022565
"222",0.157873442227293,1.95307283235293,-1.74543454597827,0.671235071369114,-0.0572077776421196
"223",1.8314452449767,0.527891144396116,0.351848923365199,0.244989280994781,-1.75443553062331
"224",-1.12060815534981,-0.17269551846143,-0.331861776902106,1.50882313205951,0.749903171437574
"225",0.738127040693986,-1.20874545270738,0.192996397242789,-0.343783041751768,1.11539729071111
"226",-1.67978456413063,-1.25659817964142,0.3554270184263,0.781741333037588,1.33114086703635
"227",-0.479810268929852,-0.868859834812231,0.920432333793393,-0.797809873401794,-0.70230541836541
"228",-1.59142050988492,0.417406673946484,0.763828061940056,0.135247492622153,0.687015161255424
"229",0.695180674211294,1.40913152246348,-1.54626514849675,0.344678720289666,-0.582153158531861
"230",-0.925363888412591,-0.70078551470192,0.954326627616872,0.017230774021534,0.816985485287327
"231",0.100195058553274,-0.697628455624643,0.137058042273768,-0.0723086709542725,0.553527828457852
"232",0.632205731977287,-0.539920321344335,0.105015439829576,1.71734643911871,-0.04955852039049
"233",-0.0699414002528369,0.499645845843496,0.645581315834662,1.8026476766472,1.10589084024378
"234",1.20168585455439,-0.783192140792185,0.897836090995065,0.1565093419507,-0.21122383757909
"235",0.314515105586713,1.67566904015853,1.51681323249251,-0.0683033510868467,-0.210668805847857
"236",0.0433378227428153,-0.404709862711359,0.246032641388736,0.660063092671788,-1.00837659289424
"237",-0.504548736051993,-0.551268615800397,-0.158056481461535,-0.634600410280088,-0.0755157880474085
"238",0.425699244621755,2.26080699102257,1.04793664179444,0.887770343595153,0.575827197024874
"239",-0.360822887631679,-0.605215102939918,-0.922010293630083,0.86051532137293,1.23482583553881
"240",-1.15814094408695,0.370492429359544,2.18912305115258,-0.931266746125693,-0.712752510030314
"241",1.77599767682008,0.739036433117276,1.09520924002781,-0.390400720033453,0.599612494917918
"242",0.552968231410573,-0.290612745422552,0.151855280151069,-0.78200735037693,-0.513671597164066
"243",0.483359419698456,-0.809441626126683,1.47928973068786,0.259849619950051,1.85218596634428
"244",-0.058195237330969,-1.04615257714642,-0.565382537365271,1.372337901999,-1.77605070563375
"245",1.44589669295807,1.04174696530198,0.80940129478731,-0.939666014750943,0.157142328940528
"246",-0.767603085272731,0.369514430913249,0.828823155705537,-0.185244174027627,-1.07720881975869
"247",0.0673986274393339,0.236257833507674,-0.115211790844379,0.0264045959449699,-0.263531383843838
"248",-1.82644728616751,-0.84672512723624,-0.809387654073188,-0.411307345057421,0.368039284847543
"249",-0.576676236152462,0.615451168999287,-0.495947993574029,1.1090126437461,-1.52470808436491
"250",0.739848044258886,0.689016913952098,0.288908674703937,-2.94742216440714,0.502586567319399
"251",-0.148148516511363,0.621239613317746,1.83284208922784,1.7549256341043,0.746563993409262
"252",0.12824082157377,1.07396454189958,0.501043316184836,-0.300036471068736,-0.793462436208188
"253",1.85753893864485,0.046547536068001,-2.24547963813436,1.28632414044357,0.826992020977356
"254",-0.689855814650575,1.19984216386368,0.201183382173164,-1.63975396547938,0.298033518185599
"255",-0.425636635840967,-0.268727049499847,-0.436808105962036,0.578059209023113,1.15707402424326
"256",-0.985113585808853,-0.725408172480784,0.342617081774317,-0.558600829528563,-0.518282490573399
"257",-0.525011347940296,0.583756844985438,0.419256559366595,-1.10325963539088,0.454734466070177
"258",-0.625974164505428,1.14249571371025,1.17113451439407,-1.79617498191424,-2.4280711406242
"259",-0.307191876144998,-1.9049302586044,-0.73719874213718,-0.550808906592819,0.687321667557733
"260",0.249869319800098,-0.400312765550432,-0.639237995724155,0.307174665738861,1.05798781388023
"261",0.0139614609304717,-0.365981012488109,0.663306095604916,-1.04095699150443,0.00546485136372716
"262",0.457223638383253,0.279336511294812,-0.561220232271841,1.17599978079715,1.95580897839976
"263",0.134969078885171,-0.897904990014111,0.42843599261171,-0.600782430368283,-0.889627386524779
"264",0.681068556183331,0.585041574214489,0.280830921401755,0.466080971021156,-0.548114860495907
"265",0.0307258484965633,1.62558123950782,0.990607584358983,-0.887451654355027,0.718018800755525
"266",1.13447632231639,-0.400029165295768,-0.186488373617946,-0.984732428226681,0.282847269817522
"267",1.19803133832982,-0.645337618988769,1.10352217010335,1.39226118656694,1.19351197024538
"268",-2.13813373414291,-0.368601659942492,0.912849227492768,-0.00941035568674108,-0.500131313965284
"269",-0.23545548588497,-1.89651060430183,0.349622131164903,-1.55408779492502,0.672742509822381
"270",0.240215060527059,-0.994294073442531,0.0215254582561394,-0.492288442853196,-0.307574996481694
"271",-0.0357746846738323,-0.873710223777225,-0.52006963692654,-1.41820270833344,-0.541985993470622
"272",0.276772647366566,0.503496988673561,1.5903672927235,0.92748695632391,-1.82454089390637
"273",0.319280091006121,0.0320321569512149,1.15185142467204,0.0384466158825866,-1.46629762270898
"274",-0.458169358128401,1.73383176311038,1.32604313710872,2.01142887718925,0.0264780902438244
"275",-1.32025325899805,-0.257668904000812,-0.14036486549841,0.300175155525508,1.26792035111945
"276",-0.953807098885629,-0.00949002964688105,1.68088797483873,0.248577975015678,-0.530464463004075
"277",-0.718646815718412,2.11779070862481,-0.0824483046747998,1.22602571211284,-1.02455760207882
"278",0.662259963864791,0.549539091067726,0.380162701948028,-0.521725710380139,1.0370663664678
"279",-0.304495259623384,-0.0531031341631528,1.0646934099676,0.511211740840135,1.75745237375479
"280",-0.923207045205764,0.632046921976038,-0.267990428285062,0.2545797452208,-0.776848265641732
"281",-1.30535904522198,0.0807879490056667,1.38875918952832,-0.932139540721829,-0.903794568553562
"282",0.0164784961251128,-0.408425810712485,-1.4645721237441,0.0648336896446686,0.0811971222539352
"283",0.191609824008353,0.501960947235798,-2.0195369279223,-1.17398896090811,-0.546383875817183
"284",1.82030125034945,1.87087865656759,0.701324687326471,0.295294227798999,0.492764675659461
"285",2.21726747990952,-1.02394420640783,0.071293694271554,-0.628863590460233,-0.0244226820767233
"286",0.738545285433559,1.63098789877493,1.36043648370239,-0.450976580479082,1.95305863417978
"287",-1.09480408467561,-1.02756661941539,0.797076459415873,-0.257383311405629,-0.239264403232593
"288",-0.222416201521599,-1.94716074212352,-2.45731762051453,-0.238608454555797,0.769291491402787
"289",-0.140321535955676,0.542298104378312,0.680530787376343,1.63479166605404,-0.256541755909528
"290",1.02800848409479,0.622311768750516,-0.058249979412752,0.502865313090461,-0.576188749028897
"291",-0.07122497164573,-0.456226813820984,-0.921690673876398,1.37656787525459,1.57110153765168
"292",-1.76550055632483,-1.0182423368349,1.82808264043845,0.81758855164249,-1.72232532591232
"293",-1.73854898671897,-1.87022589839463,0.927280048769527,-1.23216204234164,0.399896544822153
"294",-1.33753154034956,0.000695887997829007,-0.591664991585375,1.54687261929953,-0.490177271415428
"295",1.56315236587894,-1.04009925983226,-1.31390353604464,-1.81184357424602,1.45734011271847
"296",0.733890644623092,1.93462169823272,-2.12466010651422,1.01067260410074,0.661336229616858
"297",-0.712055889975505,1.74117607760624,0.0189460163562355,0.386113057891087,-0.055150182719951
"298",-1.37920456527196,0.877798488493728,-0.745167316754784,0.288574753806911,-0.964575609453537
"299",-0.987641366749281,-0.804690338415715,-0.554331927960507,1.06941880822322,-1.41325062200681
"300",-0.597141531637573,1.41150350792859,1.41934733318276,-0.0787759935640186,0.368869968676384
"301",-1.73014418367257,-0.426776584506036,0.375924315710968,1.15202385700723,0.371270069081615
"302",-0.827254171527606,0.77972569419138,2.71717344465909,0.546550745165206,-0.836429789532941
"303",-0.211460034343013,-1.50538300982975,-0.363696669752365,1.53108753222353,1.01423309406961
"304",0.693542756784496,-1.94928812548949,-0.0155568271996226,0.444693487470626,1.19358599578152
"305",-0.171131278739286,0.33614102062136,0.40832583968129,-1.52034040351188,0.29027060637158
"306",-0.189120416798813,1.69243066483133,-0.877279086248044,0.223794235653826,0.748955198129377
"307",1.0960792468191,2.07206866853806,-0.202295181216792,-0.523012434954057,-0.643413008782789
"308",-0.642737278499431,0.5039881837747,0.822475711365695,0.273721861035761,-0.970149665887794
"309",-0.259178882383501,0.369170553802777,0.333932651417537,-0.569143786433684,-0.105510869016381
"310",1.2195952321891,-0.26293159742089,1.38309020484444,0.489175133427417,-1.09199172400331
"311",-0.759065203330017,0.819281475571835,1.19191522895486,-1.87998090007774,-1.10964426353442
"312",0.656588323262828,0.91916281514172,0.688640964205754,1.85229123887477,-0.636934620515863
"313",0.345074220602628,0.631967889175741,-0.324153218176286,0.131360793944948,1.3313539788512
"314",-0.555964052365809,-0.575716497486561,1.32018368016847,-0.43853885657915,0.00791490402768512
"315",0.195128198092024,-0.391895366096303,0.26400037034792,0.663944376569886,0.0899905462375214
"316",1.62104574513682,0.0802805759916352,-1.42439607662711,-0.0119172815494377,-1.76342738785479
"317",-0.145012951941242,-1.6013459535032,0.198173352708709,-0.735087366516694,1.66800226633678
"318",0.0248796574984282,1.09417550813946,0.161327939889108,-0.468269984090688,1.38844774452715
"319",0.892464897761191,-0.633286051054571,-0.495404803093728,-0.0319413474440479,0.65512113275625
"320",0.369309102091795,-0.708412078099739,-0.95984633605114,0.373984095661041,0.172692235036703
"321",-1.33018217734209,-1.62126425342808,-0.150559899231829,0.228177760273267,0.422537354452265
"322",-0.584946233766502,1.653656411076,-0.572778978562804,0.879163627620782,0.638494472188257
"323",1.0508209867229,0.492601497749578,-0.40191819196505,2.16017450076258,0.254478593101019
"324",-0.153888278754907,-2.85864700004601,-2.23501919285861,-1.47709033534019,-0.986953430130782
"325",-0.672852761818577,-0.130406971439741,-0.136349541362238,-0.478186154749295,1.59987240697202
"326",-0.0185958349655318,1.30159332028347,-0.0488564680034657,2.22854728802004,0.37162657564249
"327",0.0044616036128108,0.223334161574768,-0.0202249510300143,-0.314739056045816,0.217129544675987
"328",-1.16604068574939,-0.691919370183143,0.818384624816472,-0.973344216955291,0.855145924596055
"329",1.21124272347704,-0.53370630774246,0.803960242297705,0.815144335814156,0.34672333543489
"330",-1.48097767046976,1.40531758760737,-0.426152857388568,0.284797312522348,-0.653953028248745
"331",0.538022211350939,1.09664223273673,-0.249908541114153,0.901560121973934,-0.293138201035645
"332",-1.10747717335343,0.807595756348727,-0.173107665567654,-0.191121014872955,-0.918859650970312
"333",-0.860613376760821,-0.123477324392761,0.871169809825014,0.362157332886914,0.79632587822376
"334",-0.976929403127042,0.21223058726331,0.540143526044474,-0.745713607524536,0.0433438750982822
"335",0.0184162308733644,0.000737589728975507,-1.73069769620782,0.241293266163296,2.17941615224293
"336",-1.41532661583868,-0.381785833798531,1.13512251602529,1.21500939392323,0.388646419853154
"337",-2.34057893009915,0.330233464541953,-1.09853900029028,0.938777394026716,-1.18452581627931
"338",-0.188919177273874,0.438871838171159,0.0861224393211771,1.00355430992541,-1.02381390566101
"339",-0.210361754057481,0.135188007024693,3.04120207188041,-0.68825295148491,0.245408290898671
"340",0.0206643606000858,-0.898662989225257,-1.47171450145187,0.249497428120654,-0.537068019340528
"341",0.476672338721141,0.418102266651072,-0.376530377697911,-1.89239890799343,1.09757053565986
"342",2.32482544708888,-1.47550847072433,-0.360200007824966,0.967602475292305,0.483791660323283
"343",-1.2141849864551,-0.682377469576616,1.11988009287558,-1.11365662167391,-0.241770535457663
"344",0.842628456201765,0.872600461437511,-0.822061060007975,-0.783603667094309,-0.395605471852221
"345",-0.429472119123709,-0.276897277484111,1.9191263656115,0.211740813586521,-0.217090313262505
"346",0.975099989488295,-0.636516716641589,-1.59298907232131,-0.156723178269909,-0.183009878943515
"347",0.220958107698458,0.831953207956653,0.478077042773669,-0.760824965863912,-0.0938970841703428
"348",0.569769448185757,-0.10605208734534,0.260429832591627,-0.305139267798814,1.98838939185755
"349",1.0538887915968,-0.728774431792441,-2.08752965218725,-0.83731295535089,2.4491448846597
"350",0.334001146413151,0.523248424557683,-0.968017787407022,-1.47334949780718,-0.385766896493906
"351",-0.173330597258883,-0.795345108586896,-0.93630730718689,1.05847271682529,-0.453350988843575
"352",-1.47790774905791,-0.403495902677226,1.73272592371963,0.22798263412847,1.66561216856321
"353",1.41189330835353,0.712669194498664,-0.0653196982902622,-1.59511443798736,-0.110439795777492
"354",0.257225976256425,-0.163284285120505,1.50899113581911,-0.992763933876539,-0.744814957529788
"355",-0.885477554972126,-0.304200897446741,0.87980344919245,-2.20466272286496,0.124294051799856
"356",0.508741736694077,-0.679847279284573,-2.2005804515357,-0.234387795409491,-0.0872292148607582
"357",0.236861110555501,-1.11957741526587,0.0815081054837415,0.0636845449713087,-0.0489203055612146
"358",-0.650245437162875,-0.695620965472461,-0.902796533531956,-1.67816416358712,-0.698233029334325
"359",-0.32932147643892,0.171794927108501,-0.518451386609109,0.645703153245221,1.69892838476588
"360",-1.51193151560096,1.29336005795917,-0.489503519645062,-1.27166545343745,-0.455070630910804
"361",0.319756033311646,-1.06404158665909,-0.84320410837176,0.813056780952589,0.30661475826554
"362",-1.66099078038503,0.68541608957017,0.694956803516847,1.22297782351326,-1.40807237074258
"363",1.26672577752782,-0.445285664078819,-0.13001158179012,0.0904431593188901,-0.344578140244746
"364",0.494617915279835,0.607329500249825,0.150431987732263,0.60281657234059,-0.903577990458951
"365",-0.133296900905189,-1.06645193243243,0.153630488899715,-0.761526677737054,-0.232726733250003
"366",-0.420876436100251,-1.24398138613732,-1.23219207160035,-1.45144972022929,-0.264203784473722
"367",1.4461608913122,-0.635134281588128,1.12001744547967,1.25785156974895,-1.9417254055323
"368",0.228981845940689,-0.679454005973836,0.443663548809455,1.06977486288828,-0.61550398719202
"369",-0.606129401986711,-0.388496327148195,0.756977044264058,1.26393657916561,0.218192531840858
"370",-0.622252493042148,0.150803513941433,-1.20342449943186,-3.01250975852972,-0.392226924560762
"371",0.320301324706461,-0.386812913894578,0.181588802060193,0.154241570927704,-0.730013291146122
"372",0.36547530672192,0.915127470581714,0.737216255445471,-0.655019591323076,-0.42444946852403
"373",-0.520188633382763,0.59671640343342,1.6896444315249,1.77584396294247,0.067439186426352
"374",0.274214761062401,-1.27483587808208,-0.0615039846080407,-1.08455108744137,-0.845128612421917
"375",-0.928055700563526,0.517461431150697,-0.487287500175038,-0.545264984703076,0.508783195381527
"376",0.771430411126536,-1.00942359237375,-1.42282193731099,0.302635455944864,0.137942137394327
"377",0.121921360920211,1.07307405041852,0.358634639223907,3.76213553007177,0.522144532284589
"378",1.31801469865285,0.478521018831841,0.854060813355502,-2.17439011195751,0.758702643391876
"379",-1.07887804680089,0.0852153238940061,-0.688202046367791,-2.69536404436862,-0.580733230561273
"380",-0.250260825282094,0.165126577751521,0.394881214729925,0.611858701848067,0.0108165152881592
"381",2.16473196941752,0.246895165010224,0.647933436558495,-2.39021359247925,-1.14542506081952
"382",0.372380141165934,0.920508973363276,-0.814752284522053,0.982633912573767,0.0295564573922474
"383",2.57254785398201,0.128439431522851,-0.550077595244968,-0.13173552457187,1.13873781506417
"384",-1.27857867593625,-0.241451432198624,1.2926276938392,0.267809741061179,0.27125505096164
"385",0.219958631813323,-0.142954123898225,1.163210061613,0.0417896028320634,0.136294364948374
"386",0.381441386560703,-1.73513968114366,1.46076048668071,-1.08607349688817,-0.11193125722257
"387",-1.26016547560868,-0.23972475782183,-0.846851240734974,0.906106167430703,-1.0259606886275
"388",0.872173035371663,-0.947232866976866,-2.33908626313968,-0.722797412962572,1.27470725337747
"389",-1.34459956448351,-1.53422352849204,0.53773282241804,0.784586963014106,-0.656394167357315
"390",-0.49580865778729,0.901865664714694,-0.0065769140683204,0.0149103352658963,-0.653381564225277
"391",-1.46880602200606,0.616465873526904,-1.00113697552598,-0.607618090180578,-1.43877357475163
"392",1.08237313601162,2.39474164202396,1.93383476832601,-1.16401241642487,0.284517099300075
"393",0.0342144745628058,0.00352400066561414,-0.218031658567735,-0.171527622233633,0.229779207696303
"394",0.767706573671526,0.562151832574654,0.88015012602042,1.23463796396302,0.421667737856178
"395",0.0311836843865268,0.63093388655206,-1.02604939228336,-0.498951225891754,0.924205067723294
"396",-0.76325213158558,-0.592110697683304,0.0187046840749347,-0.871204022538142,0.350109858957313
"397",-0.142987756692588,0.0440266478123704,0.757608583347919,-0.329716567796032,-1.16179747288972
"398",0.28761787424618,0.694911573950413,0.145738825097565,3.33874706112644,-1.57829806563503
"399",-1.16931513740869,-0.309303194792378,-0.334639713766993,1.08088086479582,-1.61364060115933
"400",0.172336582959896,0.134562347673022,0.302126762808252,-1.33684844923733,-1.58273043736054
"401",0.932363173986592,2.31912718511137,0.302385091468911,1.70766216412934,1.1409848462764
"402",1.43266256820669,0.70250820118062,-1.81568494460406,-0.152192090776135,-1.15849568928836
"403",1.0897807629661,0.194624346101845,-0.563268901591102,0.707495070580473,-1.99581590714149
"404",-0.762609920046594,0.943199330841636,-1.13584130191397,-0.420392666845202,1.41541001147172
"405",-0.45287014391796,0.0656003776600602,-1.03616780828572,-0.3250483352225,0.921065440615307
"406",-0.644494973454911,0.197884764572535,1.38342337527245,1.21200395551206,-1.07210456399955
"407",0.348049845532646,-0.16225289178485,-1.13961775121355,-0.511021763140577,-0.700611634243947
"408",2.40384847519959,-0.0455102315203005,-0.348715864491415,0.610777059717397,0.738818549623263
"409",0.692627822973846,0.967042422965101,0.352333537719375,-0.893883446571699,0.489069105489602
"410",0.120427928347862,2.69261668947993,0.11682078098255,-0.792273472918345,0.488348714599505
"411",0.736691544971447,0.511071441298884,-0.419495660203842,0.827490897577441,-1.52656915905352
"412",-0.618417276096151,-0.658085442323104,-0.540291059436297,-1.44068448553769,1.19099794773229
"413",-1.49033956163572,-0.474400122971927,0.13488739489438,-1.87806790369127,0.376482679527666
"414",-1.06866148860798,-0.909476432269967,-1.19403822654409,-0.0785239805835287,-2.08986966759386
"415",1.91764047992899,-0.301107547677543,0.134004703924696,-1.22072881226053,1.69327106278652
"416",-0.671573688863782,2.34099617547371,-1.43242998288517,-0.909917867080921,1.24581530957938
"417",1.26818311671778,0.12733081658964,0.443622264713887,0.75145157965106,-0.383407068400947
"418",-0.0175726994448117,0.716455053080319,2.09206267206199,-0.632931903708482,0.0831578641429206
"419",-0.676945147275285,-1.36959366781764,1.80882923859354,-0.616373614764676,0.23865305609955
"420",-0.851043344756758,-1.03877106747444,0.267542282562753,-0.780828061109456,1.41664657723693
"421",-0.136966700653216,0.0445650406518529,0.945657926589239,-0.258159774818287,-0.241495215073673
"422",2.1155185002402,-0.171519189196272,2.10712752273121,0.747322462426122,-0.200704314774016
"423",0.295648351020951,-0.0476483047175069,-0.431986842317545,-0.799484086927701,0.200502205791735
"424",-0.390220211833107,1.37846711391718,0.0993474547322048,0.750881058607554,0.840341218101555
"425",-0.254508166501051,0.648439647082395,1.62987006936455,-3.25645485293628,0.591541286299009
"426",0.0700058647774073,-0.259989735833992,-0.458961239263196,1.10436589153346,0.557136606579948
"427",0.395772208549612,0.326899770529379,0.664785567401575,0.301779525496562,0.654091614697729
"428",1.13901890908212,-1.17249275568395,-0.996787097290332,0.224613917636547,-0.905324989662696
"429",1.45318100733401,-0.190963841454239,2.21541735123981,-0.485961219723336,0.464793286463676
"430",-0.145617555123331,0.275840707525535,1.23444244537785,-1.16643004005074,-2.06116816640525
"431",0.172989468754429,-0.201158914643471,0.120255383969305,-1.50749535318154,0.263602879293152
"432",-0.850976298085046,1.29532374395135,-0.785627325679466,-0.277543658643636,-1.71350396900472
"433",0.678949327212242,1.66179439393778,-1.26634107052489,-0.952644795109533,2.1408315646397
"434",-2.7657169262963,-0.464617500740042,-0.622303368882798,0.35627727454112,-0.526254122413316
"435",-0.781526031989437,-0.523774682455522,-0.512403918167563,-1.90121825780254,-0.42654979143211
"436",-0.549609630554432,1.03144137468316,-0.304976129313924,0.696556713026578,1.12047997858458
"437",-0.525698035070852,-0.0171479782187665,0.830583031536542,0.0450949168961365,1.83114663873581
"438",-0.360767090460336,-0.873768181929686,-0.73228877351451,0.200776130379703,-1.09614314348269
"439",0.738301719247059,0.442563379200581,0.197510572630653,1.71484238825197,1.76340925419184
"440",-1.07114895761644,0.209871683965776,-0.0585119358269568,0.402985734863566,0.991426775018671
"441",-2.01090001902109,-0.270163592408697,-0.580061524131593,0.459140338966968,1.24172238251882
"442",1.39628516954555,0.0236609714166117,-1.51882062854795,0.57843139029011,0.0650480243167309
"443",-0.761876005494243,-0.203154722252398,0.785554111119166,-1.08596879275215,-1.00159476029592
"444",0.976450910105911,-0.205258649328212,-0.410806928360856,0.486266325812083,-0.91616006783046
"445",1.63139224796618,0.969145485264673,-2.16760878199269,-1.17497952263699,-0.812330626470719
"446",1.58239298673414,-0.336358309446982,0.0327625022643431,-1.26538164737637,-0.538036036173064
"447",-1.06823368341627,0.314622436958197,-0.765178932974777,1.09703920652896,0.41640387828267
"448",2.05954584721769,0.274217850041642,-0.534441948652695,0.435189527571296,-0.250678071683856
"449",0.847571500853221,1.34293110131047,0.269947151708151,-1.36380147750197,2.27258977341884
"450",0.808330801478365,-0.260661261962091,0.235563436465304,-0.411291677996728,-0.0673366463992003
"451",-0.471040786160716,-1.24555440675068,1.23892374341133,0.294570887006609,0.751098677821105
"452",0.740503893429279,0.196891243681415,0.919339833716724,-1.3887868213783,-1.12029657475117
"453",-1.12198169266816,-0.0400678954494977,-0.470309002400058,1.58862210654288,-0.914524623241553
"454",-0.289154212780505,-0.422553748284825,0.83236460497364,1.2372614843613,0.416941842731793
"455",1.02081347270176,0.598793177027575,-2.93021948686286,0.358973002684955,-1.86055696318123
"456",-0.590776916610565,0.535503762132725,-0.392127538190526,0.905620342307742,0.535966062638707
"457",-1.27336049811791,-1.65618181197191,-0.0481618921886552,-0.378837990786517,-0.474332778389645
"458",0.352848027527873,-0.307671187553215,-1.10689316238876,0.23323689299648,1.56648013395721
"459",-0.437503311166332,-0.224098706040723,0.619831893964241,1.02897870559914,1.44530014287801
"460",0.946878832637399,0.335536646737055,0.246947219704023,-0.972761462195342,0.864895878048152
"461",0.367986887334701,0.417851430909192,-0.637694506990738,-0.103326591200041,0.105785731514751
"462",-0.0254554146140009,-1.53298961629493,-0.207753665194788,-0.677646916730676,-0.374212815686564
"463",-0.606932111243419,-0.261879250553537,-0.311854529667835,0.660146381806863,-1.18742731832859
"464",0.334736135291676,0.55350266594499,-0.0834953299082061,-0.677137597912048,2.12871940238851
"465",0.543432176584074,1.72871254096882,-1.57473743092053,-0.412515365124103,-0.34694086660968
"466",0.445478425459879,-0.0723713240570772,-1.19974775609529,-0.339813771026556,0.114847405341974
"467",0.255871137728942,-0.377690201649017,-0.643001603690206,-0.483779804910614,-1.62544970049592
"468",-0.576916420321868,0.745569284473511,-0.900174400174052,0.596058295738067,-0.0627899615343911
"469",-0.159421585627933,0.494709374569325,-0.040354172105686,-2.01052671689481,0.0695441518862076
"470",-0.990637053929696,0.568969604089548,-0.77472910392423,-1.87760519888323,-0.953035087773287
"471",-0.688777486283984,-0.662219990598811,1.58828892117517,-0.148199606018575,0.528548327876657
"472",1.38805265718927,2.02008996913542,0.211411585243974,0.618266055862891,-0.367414641855625
"473",0.888212680292751,0.318226464609289,0.384151207706413,1.24217085858219,-1.36305736986167
"474",0.764780696810446,-0.869797099077258,0.888359354477586,0.806234196752137,0.836626410609064
"475",0.95731982109397,-0.0196907259208559,-0.576754134975291,-0.106346708974869,-0.163975796934776
"476",-1.0247603656923,0.49646629817043,1.80392676018396,0.485315584755389,1.0141510237787
"477",-0.031997145344264,1.25628181586568,0.0691788568689252,0.585618223671469,-0.407467681649797
"478",1.4258674368759,1.52787928022007,-0.105442601981896,0.151860093360545,-0.731472886714228
"479",-0.0186268826815946,2.13274423110891,0.616356578230799,-0.396250675162418,-0.768911481840132
"480",-0.583323152411953,-0.899335451952457,-2.07198326386564,-0.220703383058496,-0.632387921554047
"481",0.182732147829618,-0.275584897034472,0.289102629205097,-0.440573990587611,-0.620155452762232
"482",0.476250094713757,0.397521598437976,-1.94019205373945,0.687804432593344,-0.231802590736862
"483",-0.593582778163479,1.18413364933511,-0.378972372665243,1.57618264270368,0.607167878053968
"484",-0.970968873002615,2.72780059866081,-0.115550390297869,1.7829232033472,1.09993438103407
"485",-0.11562772562032,0.285016334347062,-1.40161785369895,0.797288509491017,-0.229460461883168
"486",-0.827061595464748,0.159568329740293,-0.914467509997542,-1.30264494186347,0.422940738636235
"487",0.335062642486195,-0.125900460743982,0.548196931188819,1.33663214758193,0.591636738512166
"488",-0.191248999867211,0.230743147985957,0.789611044507788,1.40957522770992,-0.513203866181125
"489",0.38625260444519,0.332864146170643,0.756236443398433,-0.293797103767189,-0.335609817333691
"490",-0.545532175665135,1.82916417835978,1.28610767388038,-0.328304110760314,-1.01386984918567
"491",2.05702248955863,0.803116896388922,-0.118925515549637,-1.56757954918049,-0.139234655136471
"492",1.58001961701767,0.519647381865041,1.96298148562923,-0.0811457484106248,-0.343832277111923
"493",-0.0221480538545718,1.44644051504769,0.446180329173509,-0.168548386798073,-0.235848377604936
"494",0.200609076032137,-0.909389102508817,1.07319761332308,0.268595032387068,0.922646083543366
"495",0.494271223500436,-0.403837140099286,-0.462130086192349,2.57057282536247,-0.868133126485574
"496",-0.984226105321114,-0.321714937084304,-0.465133601965583,1.01880687609426,0.697025112182506
"497",-0.421187963615161,1.16393729687207,0.0309313816835893,-0.32320030466527,0.336845992948932
"498",-0.386539022852483,0.636158940317906,0.936513329331987,0.39519629570144,-1.16498337176743
"499",1.4976616995335,-0.35986886750961,-0.6061248813892,1.59040585440226,-1.59874102309627
"500",0.392688012559398,-1.00542568538292,-0.213898361919954,1.26408569875154,0.0595948540899014
"501",-0.396023889013974,-0.85728161098214,-0.451611737184931,-0.441966178679651,0.532085070096899
"502",1.04133170966891,-0.0464052169248402,1.67529778678752,0.170400490011147,-0.585199030211685
"503",-1.27017212261645,-1.06749220593851,-1.29218925996783,-1.78298481938779,0.309678313856061
"504",-0.900481361128424,-1.94212628173208,1.20219827590816,0.283541391336622,0.0398605899626379
"505",-1.05462133095211,-0.481686943537411,-0.794978155330823,0.264462615971448,-1.06966365903184
"506",-0.946906465877421,1.04363052394406,-1.5945110380438,0.516156805060056,-0.968609527880203
"507",-1.26360161873451,1.34017069260055,1.32293293418197,-0.0512639885554639,-0.223831938846184
"508",1.37519514036244,0.0368336790708933,0.854917608800091,0.24852534814725,-0.209380579187905
"509",-0.208337181880595,0.361722396291567,-0.204113469650001,-0.131199772186569,-0.400543239019567
"510",-0.432798166361541,-0.88580646580323,-0.416589859680812,1.21484752601424,-1.2752840601353
"511",0.530253405472783,1.03444374181007,-0.990667115479448,0.668092157924287,-0.0272322734134065
"512",-0.506052308748405,1.44567924525111,1.0416675034573,-0.635323525743738,-0.835480637315822
"513",-0.129204757049523,-0.262530720361452,0.795115817495099,-0.00463911328431693,-0.368371669314814
"514",-0.684047520274411,-0.550580398500356,0.453304545462687,-0.138680537227937,-0.922455503936189
"515",-0.895787581460434,-0.358722013741192,0.432698795820427,-0.553917898890151,-1.10330074292293
"516",0.907771003747518,-1.60204395696793,1.48488821435825,0.193975340124995,0.197365173502752
"517",0.930475649690485,0.834077909574426,-0.42233079247408,0.00244344367334846,0.841654432012482
"518",-0.676798670611222,-1.18298561047806,0.749473539021992,0.00718759258005555,0.642116422247079
"519",-1.29855406381382,-0.359981104633078,1.07354843853143,0.430965663195374,-0.6438403051471
"520",-2.19687477321155,0.155282319969642,1.03036328101202,0.151901191393299,0.380425927778429
"521",0.838177167308872,-0.373648661935038,-1.08111930950541,-0.147238725241418,-1.16534458192007
"522",-0.0147888286260531,2.80693946880724,-0.551773285516936,1.32644297953169,-1.56153897598974
"523",1.10055302947315,-0.408565986012531,0.117652105344429,-0.768563500536059,-1.9376331324852
"524",-0.409133020319403,0.512004862770351,0.210882981636859,0.150526693560008,-0.601723376265468
"525",-0.377262451091791,-1.07317460705213,-0.61736521969684,-0.622070876402416,-0.743582967610565
"526",0.871364196228932,-0.652877975263082,0.972554382021907,-0.432157092909652,-0.754173207613315
"527",-2.02606605393711,-1.59383359967972,1.92266370175376,2.65074973047715,-0.577706440230682
"528",0.943770283035828,-0.650914362931531,0.648980717853475,0.500791231102343,0.676931261459699
"529",0.438702588989793,-0.280165377824143,-2.29538222463897,-1.27323332398333,0.605616984886071
"530",0.851432307399943,0.447552437207303,0.290567115073295,0.914854810740298,-0.300805202039418
"531",-0.234647058573777,0.188314154351939,-1.70056599079606,1.24251173338152,1.31519696414074
"532",-0.560386976149766,0.198546485613716,-1.59276758483379,-0.589792791669025,-0.00520353353524695
"533",-0.881049719754365,-0.0157729930459359,-0.0594033384745792,1.73581553923912,-0.497235045725254
"534",-0.519625805621601,-0.201811044743544,0.0340552421791144,0.736773217236529,-1.34517238699895
"535",0.482121695901231,-0.97943166129112,0.181984028465062,-0.78984414766142,1.04260959515082
"536",0.0984570813984429,-1.16969406635444,1.12285554392467,-0.814112666143224,0.311199344305545
"537",0.533750805558751,0.255575845517238,-1.03339559696872,-0.752627310749565,-1.36914446454277
"538",-0.526037883503733,0.273299020527379,-0.058921277207402,-0.326814453945984,-0.85214608558083
"539",-1.59971917182024,-0.596388408151804,2.8689000003951,0.27204783509329,-1.22762984782492
"540",0.305876181388471,-0.646124340834838,1.6734960553883,1.7883148333482,-1.28306807379774
"541",-0.775384387154451,-0.332496375488184,-0.27423160970697,0.433106033739995,-0.453524123082586
"542",2.30216735377654,0.670815325663018,0.54700408230649,1.67830971365041,0.0975951783335072
"543",1.73995106419987,3.27423045264426,-0.672776292075292,0.0637480115496492,0.128367321962499
"544",2.15746596694405,-0.239230187347887,0.440942481429986,0.328309176256693,-2.45470419170177
"545",0.411459045596676,0.192338525683899,1.03942243889662,0.47439494768807,-0.262449334946363
"546",-0.577457358179761,0.535674935973546,-0.0141369275341534,1.02092728279671,0.409337631456246
"547",-1.53720836606355,-0.0165315610476331,-0.276768489171824,0.0400024954193848,1.70246360680001
"548",0.207974049996823,1.01206529636154,-1.52648632113984,-0.602062484459558,1.17261963641406
"549",-0.392404714387214,0.163209330510612,0.820839115610444,-0.365944845905329,-0.612259339487057
"550",-0.597402400680005,0.830497238342495,1.20836898829567,0.778125370927985,-0.899666891950076
"551",-0.992955559842784,-0.304204418960613,1.01485014049711,-0.26924066339284,0.13215005819178
"552",-0.507313674451747,-0.0557952397177385,-0.791923762993137,-0.911339816503286,-0.690012596828403
"553",-0.585397408927104,0.23316184045362,-0.46500172527754,-1.7742538435738,0.101103880622655
"554",0.139358900544233,-0.77902450391239,-0.843979579009824,0.317067119843309,-0.990158525415051
"555",0.24026867838294,0.207546592876157,-0.659934825788552,1.12099888437296,-1.68801745129478
"556",0.178885964700863,-0.678745974304739,1.47040111906391,0.208022659147748,-0.442233150517223
"557",0.600253527925335,-1.77067783209352,-0.51884227804953,-0.0125603493113761,-0.497216079542579
"558",-0.388833772427045,-0.475521747955027,0.0921345686736265,1.40965363325948,-1.3307206667416
"559",-0.421257168959972,0.840213603696823,0.794693325870015,-0.19096593947233,0.19557061388649
"560",-0.618086677429323,0.0916885087182558,1.67425685159186,0.478975500902578,-1.26136319960401
"561",1.17298565893636,0.969601093700115,2.15257312758746,-1.3590142115031,0.865180840476699
"562",-0.399743256976392,-0.981153286279103,-0.118655128573209,-0.50461628160151,-1.3275893554375
"563",-2.5549587137048,2.27728553491438,0.0246097184288974,-0.506385950432363,0.347862608695207
"564",-0.613193973266603,-0.239233267053984,2.23019591549433,-0.546560663901954,-1.95342694241981
"565",1.40856642688509,-0.751158673503732,0.842559740712661,0.420860880856522,-0.811920896634798
"566",-0.739633372279947,-0.724968724768549,-0.262521489863135,0.953569883826545,-0.0865508791433558
"567",-1.05478229482148,1.85810153421803,0.894983665324249,0.128083793698741,1.15064614845284
"568",-0.256474053483243,-1.59446188405444,0.293133849522039,0.412271345652786,0.402963496234825
"569",1.23955212871403,0.562984693169752,0.214174261111463,0.557977369486002,-0.977011838465678
"570",1.27514143094054,0.204365945754892,0.447898521569782,-1.35034139883087,-0.152430150125067
"571",-0.407090250465245,0.453708193600373,1.28943754421308,1.80597636282195,-0.572424419805465
"572",0.512554111153729,0.266400446945692,-0.976435017122007,-1.55303510586942,-0.696256036749564
"573",-1.59636172437411,1.43432007460851,0.09669834795019,-0.205423925046392,0.617967134036589
"574",1.64991504193476,-1.25147481679453,0.550729677926346,-0.553796943138,-0.762120366476193
"575",-0.463486138376243,-0.876135812787125,-0.710309206192975,-0.561328990982831,-1.29442100893252
"576",1.61877635274493,-1.09306397962907,-0.91982958933037,0.254206892008553,-1.38824466006625
"577",0.426928718573667,0.644778029742068,1.33637305851879,-0.831862841125814,-2.37419654411322
"578",-1.03900003651719,0.737891548891466,0.136571204412356,0.0223243463104758,0.301965112378323
"579",0.574127768329544,-0.337000030544459,1.50892355551292,2.20177448021151,-0.333001009182733
"580",0.122570283522932,-0.372890999842039,-0.461494845414847,1.24115454866114,-1.79848806446771
"581",0.141655268601729,-1.92827999950244,0.374466417756475,2.91671268608181,-0.629680530871494
"582",-0.979809893265081,0.697657468489911,-1.02147295069688,-1.36327625603651,1.03580414049719
"583",-1.5845466471327,0.246102609100255,0.475508684719358,-0.919039978236413,1.40805701118917
"584",-1.56474066598293,-0.422392799279779,-1.46204548330113,0.150509274741804,-1.18948562557532
"585",0.432741826698709,-0.978537086616591,-0.533191061748779,0.0973015316919339,-0.324244944094422
"586",0.930465370985297,-0.321834628235989,0.970441212103577,1.98651420406825,0.0065305645794173
"587",1.28031651145071,-0.497050044885124,-0.00725556006165852,-0.840729262403608,-1.21987770361341
"588",-0.348415726814201,-1.09324066909233,-0.687478384131431,0.674134632171071,-0.854193931111544
"589",-1.39427995729919,0.0809017842125518,-0.489878602031356,-0.272185770426976,0.549791918526598
"590",-0.306787684511908,0.540494687515157,2.64217320539259,-0.732204092205109,-2.76133460455415
"591",0.918542355870939,-0.832529342177194,-0.403210652770507,-0.389381726022473,-0.521553442317931
"592",1.56244435463344,-0.294329156969533,0.338334278750966,-0.419645021109611,-0.00798262160191957
"593",0.0948139499726931,0.432073396886845,-0.239824466288253,-0.832479015259732,0.827483755176446
"594",0.436280699782861,-1.17196209969936,-0.757420557250183,1.77547793984957,-0.578675155516897
"595",-1.53986994046449,-1.38414798295297,-0.384180162802712,0.24767624661888,-1.56634316790132
"596",-0.78360377155069,-0.223600843446737,-0.424812526614665,-0.097575437665082,-0.362336170800462
"597",-0.127189319236316,-1.21238046898162,-0.144034870969869,-0.30771548855543,-1.24140227215879
"598",0.0923318391792981,0.862165921130931,0.0345790754493565,-1.34626410549878,4.12681527492222
"599",-0.625597416702823,-0.580834373917786,-0.299463554195247,-0.537873417878345,-1.70257113801825
"600",0.36890799115121,0.449033975749846,-0.00969201375658729,-0.950957188760025,-0.329387972989031
"601",2.01342139872648,1.03771550410565,0.586477885861484,0.84061492493066,-0.53137730915954
"602",-1.01842936712812,0.147017393201876,-0.43867727407781,0.844857360642166,-1.44791720783912
"603",0.59892514371974,0.250374029326466,0.494143082615446,-0.0869041072148613,-2.47182398915206
"604",-3.07604865189344,-0.0390525207460183,-0.467617525107814,-0.680742579734127,-0.550031242504783
"605",-1.69311141518072,-0.133412084474561,-0.948584843111977,2.04228985628214,0.91985030849898
"606",-1.00922938073766,-0.0625024131737342,1.5753296868618,0.320254565691409,1.05671398613478
"607",0.554026090636473,-0.207949990659868,0.995481727851979,0.464657767320524,-0.492053083874477
"608",1.68861356682562,-1.39345481133032,-0.644383162184224,-0.0464897302262563,-2.1865908507973
"609",0.27916566986239,-0.384244929840899,-1.68996514622783,-0.807854730041517,0.512932843257786
"610",1.61811019344974,-0.446380213719682,0.840208310227036,-0.0963373851013379,-0.33959644315771
"611",-0.495799122798813,-1.14761990672947,1.24487148677209,0.964934092207406,0.413051388127938
"612",0.412003585727031,-0.641113043489389,0.0422661184672645,-0.901729221449318,0.782615351689109
"613",-0.130487719377057,0.390312192925168,-0.464229768207239,-0.30940533882793,1.15976426846523
"614",-0.138036153329054,2.82145459497622,0.981327093364219,-0.217173705433727,1.98069483267379
"615",0.698062350270729,0.61310694873812,-0.241693000782469,-0.821829910619757,0.238454220849562
"616",-0.342821301008934,-3.17532615151058,0.547003871165333,-0.297182793942844,0.276878234315897
"617",1.0934239455755,-0.102058999895648,-0.137152143643504,0.468537386527255,-0.720036830630061
"618",2.08835705685848,-1.3055779010646,0.842096428307636,0.187845247296389,0.404805011864256
"619",1.02778551429785,-0.250159983664047,0.911179722303826,0.193386157557568,0.514030520964837
"620",-1.58042773122565,-1.42767700232255,-1.44801112807718,1.29744801121486,-1.05304163326187
"621",0.123764988008573,-0.217086616594622,0.428931304817861,-0.148648442474924,1.29083009560457
"622",0.560830834665845,0.556527676790259,-0.903955459673263,0.20167116647828,-0.377479752988247
"623",-0.475499917302744,0.954449416379832,-0.335053654955317,-0.160300870054929,-0.888760570579181
"624",-0.701950886490815,0.946636675105303,-0.302170262198554,-0.218613107788729,0.209094585612812
"625",-1.03078747191907,-0.150912655588133,0.38823263935611,1.53191064835453,-0.0379042630414962
"626",0.804857392466351,-0.0456759852559006,1.42325456643645,-3.04141797738994,0.309598248220829
"627",1.75218544063269,-0.282120525011109,0.489160498213634,-0.667024848718525,-0.0134269595142836
"628",1.6213048529366,0.19873236544289,-0.900843748939694,0.97711861315721,0.391964728061163
"629",0.819611635618691,1.89822735668496,-2.67671290876321,0.341230381548952,-0.537417277935761
"630",1.01596107282284,0.00121139183370824,-1.83861569344515,-1.68517625289476,-0.528326941367698
"631",-0.5706242617183,-1.39056733344901,-0.220818115891961,-0.437700080755148,0.0979680917937941
"632",-1.6238400644817,-0.859696868179617,-0.00465788172268588,-1.28766037679438,-1.43866936738747
"633",1.21975343473694,-1.12269388575523,-0.123259020655791,-0.0916779008906361,1.71981022694684
"634",-0.959091722271879,-0.819914844663433,-0.945315311328178,-0.184771007605016,-1.36112028605199
"635",2.69924286441826,-0.976553969147082,0.266592731033872,0.24245498923087,-1.25096243306653
"636",-1.93801129684556,1.34390319522652,-0.691567036070439,-0.652030421861527,-1.20792266495939
"637",1.9481521580593,-0.196707522438515,-0.0886142901931011,0.603789603004719,-1.28437235602099
"638",1.14577798463393,-0.69577798275639,-0.514690576779963,-0.441172134121352,0.126142265945154
"639",0.346559091297939,-0.52412626139498,0.629990606960637,0.286250872214353,-1.0823791198097
"640",-0.238730957411303,-1.67863279054658,-1.00503136164917,0.274730045040596,0.322837256325507
"641",0.353926547819439,0.742671861465532,1.89805362019294,-0.144166257548899,-0.186038653815481
"642",0.213921570591817,-0.800654198373753,0.179786583876848,0.0192257681041257,-0.649515081168543
"643",-0.318554240609847,-0.629321924131179,-1.06874658456738,0.161554671487574,-1.12426521545243
"644",-0.788703603228031,-0.604319651653814,3.31932985812415,0.255343417964991,-1.53867995113182
"645",0.644087565609096,0.665947348715775,0.206233881692253,-0.239293186909032,-0.55930267719168
"646",1.79480275116276,0.907998239289082,0.205496387994144,-0.493935656157445,-0.681467489239946
"647",0.671033231447865,-1.08361118009375,0.423177077628715,0.905698507226095,2.04585387965845
"648",0.765686550236823,0.497798490138167,1.01547048543542,0.157074783397662,0.849952931449749
"649",0.465391020422628,0.0540125386299553,0.28275845637028,1.61089872465168,0.272962719370489
"650",-0.861774844400614,0.160515930400319,0.216899948801463,-1.40495895075188,-2.36136084187737
"651",-0.468514900420065,-1.70704090172811,-0.894321934424407,0.160682522915246,-1.31050276527899
"652",-0.145396304916782,0.0392710790567967,0.437914490204314,0.521483063628896,-1.07870742554546
"653",-0.262474394945281,1.4768375686583,-0.316739952574405,-1.5741702058523,0.0586469830263329
"654",0.115276677303782,0.0955623731291712,0.28252707717268,0.976161434806404,0.93892857082848
"655",0.452556715938413,0.577123099143253,-0.365430878425106,-0.313130556462604,-0.701893364635596
"656",1.04379107376208,-0.885212069892475,-0.695603416054855,1.11980683182428,1.32947216113233
"657",0.352593348435211,-0.613429631389392,-1.47000737871728,-0.246814303648715,0.309803876269676
"658",0.460622204673401,1.10509474313743,-1.49338886593992,-1.25577592781531,-2.28149326085096
"659",0.278350472640473,-0.289536549956387,-1.43522202941263,0.357318994536308,0.567933380473217
"660",0.078357234808875,-1.72641992705922,0.167614436084587,-0.971337899921981,0.880338319021937
"661",-2.50582712787097,1.16219387497073,-0.670381183209324,-0.330863618734271,0.15450570488012
"662",-0.598101475655854,-0.344646213491202,0.4411757078036,-0.574065086424905,0.448359936705062
"663",-0.83950226767354,-0.254691310847941,-0.932384601573927,0.775131547859802,-1.09853148073974
"664",-1.38347414143566,0.436118709145147,-0.432130060122156,-0.435650297162524,-0.8207738574605
"665",-1.65276510247952,1.27797592698172,-1.31496195860117,0.204569465851888,0.126855339351608
"666",0.952532456356104,0.186707893451969,1.0383620769165,2.55697156607047,-1.09880658850398
"667",-0.316649057197636,-0.526595842247588,0.5062064442403,0.598182107711958,-0.63287516803496
"668",-0.512455897875077,-1.1745846045621,-0.210090964282122,-0.914402932510722,-0.796381770917618
"669",-2.32186669981058,1.33727710392654,-0.898477957928537,-0.970838233052628,-0.231440774157833
"670",-0.155151343442506,-0.877673794722768,-0.269712845980195,-0.804486971218113,-0.427830397986348
"671",0.79409391877449,-1.41450369470961,-0.996392044617567,1.05633787765038,-0.331654937337753
"672",-0.348616515909333,0.841321332097056,-0.624417810803701,0.497283205181725,0.621699030277559
"673",-1.57306346319984,-1.03254509557625,1.64931176890207,-1.05569147347636,1.03855428050234
"674",0.239535808877123,1.36004832380442,-0.759143440284976,-0.231361578894278,0.51844598356173
"675",-0.342984128093245,-0.311581660428519,-0.393722030102995,0.382324215181398,-0.161738112188615
"676",0.672994884054533,0.870592220085793,1.43722914633586,0.0805274689611003,0.433176629370264
"677",-0.558758727799989,0.0919861038179703,0.700105989123029,1.88774649498636,-0.825093220777874
"678",-1.18551389254979,0.620680702509758,0.00845455893493069,0.486241509139455,1.12024209641354
"679",-1.52614440764168,-1.33213454871949,0.120037893852798,-2.46077269871316,-0.484799083759527
"680",1.96139589468438,1.08636720937125,0.696656708306362,-0.845733742507355,-1.78823658167656
"681",0.0400466856053479,-0.217818477996393,1.61827160070337,-0.886115677903283,-0.508693277558095
"682",-0.445499281705794,1.57330369900504,-0.656475160209104,0.503603239525531,1.94748622257213
"683",1.4609062797771,-1.49095136486585,-1.25021408952624,-1.4616973561579,0.165569686014807
"684",-0.118270906570067,-0.869289844598371,0.884824079967275,0.0195649973392352,0.35487499708762
"685",1.10246653758811,0.705780360784811,-0.0215210737563245,0.163279960630772,0.551364541144392
"686",-0.0513690176742865,0.888000244879884,0.784267199186417,-1.10969422606904,-1.22686118759123
"687",0.115475493283118,0.534910680677757,0.920820911152082,-1.20559358877087,-1.01522863929974
"688",-0.00363672662253187,0.646917642596469,-1.01844581127738,0.350096776663074,-0.316598794288407
"689",-0.962901905635436,0.319852383716878,1.80367434741279,0.674180842676963,0.854898515539018
"690",1.03247478290081,0.462608779664344,-0.115128775855833,-1.54171736313796,1.22610679861531
"691",0.108329236090491,-1.93324377176195,-1.2754531162422,-1.11814261827381,-0.712969288169756
"692",0.299420430594282,-0.832768225508329,1.88723720470695,0.596880295119866,0.534757240072861
"693",0.451093848490881,0.575293664259818,1.60920493908785,-0.0146491769309474,0.501652017497759
"694",-1.12909467446008,0.0741890530022476,0.172771710475097,-1.8158209387637,0.724360325742656
"695",-0.40132372550354,-0.885199976230407,-0.763473191810407,0.0822485621157987,-0.000844131241014096
"696",1.41860832119307,-0.456818260170526,-3.239411966259,-0.102226347742102,0.396436310299689
"697",0.98927113283248,0.468642218996366,-0.242089056188864,0.699457113175274,0.370877338033658
"698",0.0602550713361909,-0.507007987540672,-0.708234615535063,-0.129613786338084,0.0884415938502243
"699",-0.381619150897966,0.0937886965806854,0.310747241319992,0.178009583105913,1.09190892038785
"700",0.883270030675967,1.11369125476132,0.398135052266101,0.33497093288956,0.432667089992696
"701",1.059233191987,-0.370560023949576,0.646593283890994,-0.900313514410763,0.643695698177756
"702",0.0587653177938497,0.295570626531019,-0.265377830311481,1.40958291898947,-0.0951304682079346
"703",-1.8765963614525,0.112964580706333,1.50238700103704,0.94985931378841,0.856792134237699
"704",-0.0816739502665659,0.273721696947056,1.81210661899357,0.126252656983074,-0.686699129813638
"705",-1.87043007093398,-1.3176745500438,-0.179708108514322,-0.403400734903226,-0.715326875068513
"706",0.540480469284023,-0.835797449824523,-0.278358049307168,0.0919716460909834,-1.77670968058747
"707",-0.559215857643948,0.548154540806469,1.11411287780632,0.229327609359487,-0.471076449863654
"708",-0.845352869489016,0.0844684029094205,1.00596967149257,-1.37243921679692,-0.0703783417924325
"709",-0.515471760228172,-0.89361090767096,1.43942674646115,-0.431324589774171,-1.25594488303024
"710",0.740239342907599,-0.27602253984386,-0.548398748090037,1.07864948755956,-0.150700090810271
"711",0.116665484647264,-0.253981094739695,1.03045931333823,-1.02736489135848,-0.879722583253991
"712",0.170465166996874,0.0263879580528031,0.0902751848280143,0.809467748703656,0.63818381477788
"713",0.422579053192577,0.400089501135602,0.75323987224502,-0.210888002807021,0.625141393961447
"714",0.593334702584017,-0.973398598584948,0.466054268976968,-1.0945814607726,0.00427400376166686
"715",0.888198670396245,-1.53956236117096,-0.0192013809190143,-0.473883617350665,-0.0984642330219081
"716",0.993259160068592,-1.40506778903195,1.00154091128736,0.408341594598779,-1.58701854774063
"717",0.983277780156076,-0.178206528966104,-0.215576750184062,0.0985987638030072,-1.51630955524865
"718",-1.20743233306522,1.93835831018347,0.317722010701407,0.48324830350275,-0.314244267180437
"719",-1.66924941645457,1.31230606187386,0.333269180351403,0.561464193056867,0.460830069460706
"720",0.187843602087367,-0.00731923704370088,-0.562353186270319,-0.48828044389696,1.01222102837534
"721",-2.21949493698731,0.222193612805552,0.652422417585821,-1.30012380920333,1.19888504790364
"722",-0.19231557681188,1.81914584300247,-1.42151252178311,-0.103467768686122,0.391580857135439
"723",-1.57467410536197,-0.0921287790307499,0.0210087608769124,0.0186455226544569,-0.314108115276127
"724",1.27782277838047,-1.16357995474891,-0.146383392374765,-0.222941725666875,-0.977251119790343
"725",0.44940602388561,-0.114916421355365,0.710836507683535,0.498978583333762,0.238957981014702
"726",-0.483484631503673,0.0229738008767405,0.359202170884997,0.590317475485766,1.7490288692136
"727",-0.477485566242506,0.865371862777632,-0.38432423758514,-1.78817204579062,1.64995455625707
"728",-1.45327349657817,-0.694887042916626,1.11990471178395,0.915017033822746,-0.0535553852168121
"729",-0.476316763191477,-1.60006449020947,-0.84851582799713,0.287591585636941,1.61887097513935
"730",-1.45310969399333,0.517633298049162,-1.7932366034139,-0.141752815582652,-1.04079246131074
"731",-0.452502238441273,0.478990589982701,-0.699805162480312,0.295725894441465,0.835119726880958
"732",-1.75133322006297,1.07561294952231,0.882277549000032,1.18458371553361,-0.133753315681427
"733",0.641093073507222,-1.12305507205904,-0.622309720876134,-0.60065089486574,-2.25021781522452
"734",0.871319576774709,-0.586891081640697,-0.690585365874451,-0.425681292302015,0.441303085162689
"735",0.528531351566728,-0.619613552803461,1.14034099034395,0.431976938651229,-0.751813388819754
"736",-0.918561597804581,-2.11449082392007,-0.222015948910672,2.65504236144479,0.12798385050816
"737",1.06858261477252,-1.11207736527089,-1.08987747093289,0.82578585515563,0.459510383339435
"738",-1.64814463449055,-0.117279622339852,-0.185937000759229,-0.166657281494521,0.302504784228323
"739",-0.590543288445496,2.22356345661083,-0.911982265565436,-1.16101544733549,1.12858886594826
"740",1.49828407966174,-0.823957495230128,0.737958830886501,-0.364550112343143,0.321821364131372
"741",-0.200551331885731,-0.485881398438576,1.30177344613868,2.29009246737241,0.511289643175713
"742",1.59777567762041,-0.548093233156526,-0.337717881509782,-0.348923657682211,0.568946988939815
"743",1.0739458510386,0.077214408862326,-0.408098187623769,0.358879332933642,-1.15202415016832
"744",-0.551194698858254,1.8696592120128,-1.32987213603597,-0.562516783158976,1.0285877509084
"745",-0.133205069095115,1.06526563005582,0.14552608600061,0.776827063011378,0.391718179998537
"746",0.924705510135352,-0.959697247865696,-1.11812953250063,0.30997417222212,-0.133754572521527
"747",-0.457717478224902,-0.478633931258867,-1.01618198571404,0.201730758065408,2.57221988763125
"748",0.261705373975889,-0.709902629507999,0.416667435779159,-0.94237362389393,0.848965879433788
"749",0.354000450529943,0.332772333995844,-0.592510703739236,0.203543358204715,-0.842592504793569
"750",1.14435661748622,2.67674983895322,0.397340466022254,-0.361395494609519,-2.51276923732903
"751",1.25598510326161,0.13264065461779,-1.21437958400974,0.50538421796553,-0.827781748325816
"752",-0.785346910674086,-0.64619874298225,-0.0930035996745689,2.20829738967345,-0.77001365925987
"753",-1.43228672420485,-1.52964306874312,0.750477047759835,1.05434139950325,-0.862692927856042
"754",-0.282947576355833,-0.516213140820482,-0.667005207761354,-1.64343595641407,-1.07163853786519
"755",-1.09409686028126,-2.13919157669538,-0.533144839990189,-1.48759151281401,0.650066057340652
"756",0.873048062465661,0.115149944475547,0.286467964594774,-0.44220380134836,-0.302232665667923
"757",-0.233853401245844,-0.045307094077342,0.320790428455636,-0.130735520495194,-0.306288435870033
"758",-0.750684671556208,0.355556418346235,-1.24084974808205,-0.0545373737169088,0.559820623082627
"759",0.598619491933597,-1.60244282455121,1.3511227061621,-1.33067121099919,0.0765579793004978
"760",-0.228968838838007,0.938099515048713,-1.72907091652762,0.277545593835441,0.095621022936095
"761",-0.199968943168991,0.656652870659032,0.0332611456635782,1.26037804940046,-0.0183434592491148
"762",-0.342582192055984,-1.20219140254588,0.135927640651455,0.123387228440497,-1.1744070863268
"763",0.841126557989843,1.22809078165143,-0.216612441687886,-1.40195466310644,-0.126927231011353
"764",-0.311004011297074,-0.257277602154048,-0.461063650721991,-0.997204337093492,-0.94462793705567
"765",1.98546110551187,-0.268589706501265,-1.62671739790586,-0.449303802685714,-0.583472833451943
"766",-0.0105417505208288,0.684663135949903,-1.13151726281481,-0.537046314359281,-0.458052650927167
"767",-0.190281150209603,-1.24228132423155,0.771228250366011,0.871105030284026,0.911390484906907
"768",0.254916684519673,0.491724884882677,-1.09346456267446,-0.544423389513076,0.916921186685825
"769",1.10037794141674,1.00912930654616,0.286926304181098,0.311017993530887,0.235236589190173
"770",0.736676968403549,0.606566239703537,-0.529693284850195,-0.257200562200358,0.242938380583594
"771",1.40898594715484,0.807647089741135,0.382709369201601,-1.49021578350503,-0.420834033454493
"772",0.186505194346334,1.42123733275747,2.06350519505381,0.472052568866106,0.00935853706478078
"773",0.33690502051616,-0.311147226491513,1.73155660673677,-0.468301867720087,1.2649329348096
"774",0.65898248535501,-0.547846304652462,-1.73564967877454,0.158255168367613,0.948732899844924
"775",0.557552341459072,2.23858930456103,0.580063037520188,0.305445776713716,-0.907652668997241
"776",-1.15428126172181,-1.23631904553847,-0.0194419213274734,-0.878205176210065,0.097431391161978
"777",2.21259616420133,0.249790760032425,0.820349891456253,0.322207158637624,0.156968678679765
"778",-1.8588599629182,-0.313346804398007,1.12511180780886,1.02298386984052,-0.295919777504925
"779",0.115758207821811,-0.866146778410909,-2.89916729936578,-0.651402651592141,-1.36519450158839
"780",1.55739162380073,-0.409438192891559,0.27915330575779,-0.454293958349326,-1.73853517530251
"781",0.369698841007877,0.0487303169171597,0.983900517968217,0.127596394507253,-0.334752606866131
"782",-2.33309554831091,1.08164009847575,-1.24244663270519,-0.362981465219626,-1.04337340771642
"783",0.612645756481195,-0.322259413454351,-0.0885502756149417,-0.4270857022394,-1.79904753844355
"784",2.5125574818926,1.40793122434859,-0.338875168644343,-0.529167741707536,-0.497956613058674
"785",0.516924652652473,-1.30810566561221,-1.06735512781071,-3.18530384962579,-3.37295433747038
"786",0.278278865861793,-0.379381644227987,0.0169724080543309,-0.432835082133642,-1.10856016217756
"787",1.32708403323569,0.321658057466514,-2.02782902214091,0.0336776060948589,-0.572891933539475
"788",-0.830818785476777,-0.30900779209379,-0.313419467884666,-0.0240674278387022,-0.915006378621575
"789",0.784699472813996,-1.18216583101192,-0.264072116638339,0.073815013098922,0.991558456341102
"790",0.219059459092177,0.197286719857157,0.720637543565179,-0.220115976546341,-0.909636914067603
"791",-0.140617390911061,0.994664443029713,0.279733034948928,-0.185997600657957,-1.01739154516192
"792",0.211886796586211,1.05168698152721,0.167784065121366,0.575392514438627,-1.3084652368016
"793",0.932107874862409,-3.53421388387389,0.0539287315700169,0.189108538919607,-1.48938874873787
"794",1.55466697650085,0.292149268834328,-1.32787980927878,-0.192392595810636,-2.07039462852499
"795",1.2199307473536,2.02285162191494,-1.71204186084472,-0.610900041215662,-1.12005743436011
"796",0.347837875458207,0.254009492903721,-0.734906995854923,0.651619228923657,-1.48732917064358
"797",0.491406612523297,-0.0431341839459456,0.041847718677437,0.407535893630746,0.336407900926208
"798",0.226379225392286,-0.494866278773128,-0.580572434406244,-0.708650195802345,2.19035288498893
"799",-0.335739467539848,-1.27610069346862,-0.331316211683792,-0.636521556619914,-0.314131802046577
"800",0.339093113203571,0.100487969294905,2.19722730475566,1.52163018805479,-0.806817234873669
"801",0.0176612430270873,1.8555164803429,0.404535802359836,1.57351722309176,2.60761295067743
"802",-1.15780024677095,-1.44774128212719,0.822633103667057,2.1044528406426,-0.138063637619971
"803",0.785395114207733,1.06409230206561,-0.730952397875104,1.54318137900694,0.50601363390226
"804",0.835233059152545,-0.718081791532859,1.45002268529122,0.0864632320052178,0.386989956583503
"805",-0.243417815097255,-0.170981395246891,0.613712407946253,0.0193044583008838,0.427190308126589
"806",-1.23320244828325,0.599324477114821,0.838535724791832,0.945363003719516,-0.226694728847561
"807",0.66462019876746,0.267143912492972,-0.869125020657209,0.372047033714334,0.1375620282426
"808",-0.687527232192067,-0.175853793558862,1.59832868811047,-0.815910958807542,-0.820785650688247
"809",1.45139497019374,0.189764612582827,0.422282472486959,-0.178490075491271,-0.181338278438728
"810",-0.665601723104362,-1.08962855602965,-0.306510004980588,0.652687085805174,-0.641333828044247
"811",0.14510849200242,0.19842082916498,-0.36540852492567,-1.84651456334609,-0.896401039683484
"812",0.719381935109391,0.555946313458526,-0.0340488111897532,-0.72774149038275,0.349528552957189
"813",-0.0603453086251294,0.543634254720619,-0.697145437815932,-0.930984420168795,0.471804882387273
"814",0.684447287623389,0.722717853220402,0.274672789028681,0.370057896470541,0.499597151994182
"815",0.58299301600689,-0.0909091977471362,1.07050283327602,-2.05240004901492,-0.24374749688324
"816",-0.0333055954267997,0.99752673800303,-0.699754553596152,0.452757046213768,-0.929952138408496
"817",-1.01440380361655,0.818416597857961,0.378464595639039,-0.929074154028286,-2.57103940968605
"818",-0.489999545428421,-1.38113158855662,-0.675194953620276,0.101071807941218,0.542614000164419
"819",-0.393920155733576,-0.356322331676051,-1.4002587680215,0.45449341501026,0.293979419077083
"820",0.05286469816564,2.42715996254875,1.85261914515825,-1.73100027853202,-1.21176656964661
"821",-0.589965339269894,-1.0066472294455,-1.13299760186021,0.790217456301912,0.745331474046189
"822",-0.60491992329766,-1.90981105706169,-1.03224295418725,-0.429052298562513,-0.703661070932124
"823",0.855758741896586,0.683799751613277,-0.217709241490632,0.399392885014761,-1.19973783028383
"824",0.843076410113461,1.61394815092451,0.536788405741084,-2.16102289688884,0.230358468855058
"825",0.370047493396095,0.0182282469069462,-0.755773068977667,-0.114900861982705,-0.0190964209479412
"826",-1.13354249408894,0.306287833469713,-0.167909660115634,0.809648482570674,-0.680652577092708
"827",-0.319382088170193,0.241967005644657,2.09345899463343,-1.81242884076954,-0.711731853005215
"828",1.17419320208733,0.0554972159133508,-0.173998545590149,-0.333539975068197,-1.04180526676118
"829",0.103491722965523,-0.104648242252477,-0.741634795498429,-0.0383059155624539,1.77120418384869
"830",-0.161796302696201,-0.388864377796039,2.26443164878824,-0.428295284856451,-0.1479944248937
"831",-1.08079467905655,1.16101040764802,1.83368050822971,-0.471152324370555,-0.0387970963726124
"832",-0.182151255921076,0.128547038729732,0.547118728083972,-0.197212693587862,-0.601434091663458
"833",-0.0357344378162716,0.727316171115543,1.11717069662729,0.838875593259923,-0.880265254283513
"834",-0.340538360950755,1.31245437872654,-1.51348567219687,0.149915837321883,0.545068872057981
"835",-1.47293425396634,-0.716789586414148,-0.891124946868084,0.589970535498427,0.0438613159557944
"836",0.921464312493606,-0.499824354370601,1.74737344851045,1.54016694520556,0.623143453524806
"837",-0.132907514015535,0.553725466665102,1.35324380413361,0.729837599787885,0.129334580268834
"838",0.335929260665116,-0.863151561589814,-0.477530833336415,1.17854854264242,2.69408355009501
"839",-0.888621944539574,-0.91571362921241,-0.113746726340964,-0.458592616501255,-0.00396704674181943
"840",-1.20104524120142,0.396545812946278,0.778408352967428,1.02518012540658,0.567133249805129
"841",-0.00567685817948766,-0.349516411813401,-0.293846430551357,1.32587316966264,-0.00279578619065172
"842",-1.28873988745784,0.186711252234006,-0.397552956609819,-0.530675187288574,1.12491616790398
"843",1.13624938054917,-0.782122544591329,-0.159197440243594,2.35504975302256,-0.365908004605511
"844",2.0462719790651,0.506998543645809,0.802669152261108,1.71830731795233,0.548122180934493
"845",0.97175943095955,-1.13335597969523,-0.515353185987991,-0.0396981153444788,0.209371211780567
"846",0.617809018161651,0.390764516364586,-0.130571090915638,-0.671213814108937,-1.12368810657993
"847",-0.196942382613118,0.66903318299488,-0.714122226650883,-1.48637154689761,-1.29253365176139
"848",0.507290136038242,-0.600030772442502,-2.24989069674223,0.457496922762149,0.109369620465651
"849",0.375174077786699,1.055501495687,-1.29967280619785,-0.918249392241248,-1.03142626938396
"850",-0.578564399443071,0.401080932369195,-0.688130055972566,1.12747386297149,0.321748222815964
"851",-0.01799177547858,-0.267373994917016,-0.883650730497965,0.757514546874893,2.67081051118818
"852",0.507773736596398,0.774563656782662,0.157624051229771,-0.612150673235846,-1.56516386328818
"853",-1.10874508840109,-0.626169473064946,0.937534967657523,-1.11299998312644,0.533647554674399
"854",1.42695024724864,0.992595568793479,-0.159080404070514,-0.0624710732509445,0.68702428423617
"855",1.57685018434508,0.5481134000066,-1.00907414414959,-0.239479560697345,0.751182360061135
"856",0.281918462526982,-1.5227472578524,-0.630359950379422,-0.108155852261752,-0.969812897097332
"857",0.629567385835129,-0.505535382199606,0.269441958908654,0.527599800348027,-1.41584662612923
"858",0.458491323121024,0.858500383804425,0.345846246441096,-0.116844228757313,-1.36043326724284
"859",-1.51650239106474,2.46558251111636,-0.705196365005794,1.08249293979597,-0.735927896969786
"860",-0.388267896122744,-0.767950163242898,0.380129123576097,-1.03230919622981,-0.579090365424845
"861",-0.427702808063732,0.578675988918339,-0.900275795545415,0.296725467804898,0.0951482131517146
"862",0.12247452206777,-0.633059688818088,-0.149618940481435,-0.510780645801916,0.0544675952775417
"863",1.23763149463399,-1.21623841378375,-0.162147568479883,-2.69144646773317,-0.499506766749667
"864",-0.262202510304442,0.191562191445825,0.26024388075686,0.0637507694077097,-0.134011322662344
"865",-1.06859999704889,0.2112201344925,0.00552271648030748,0.482952981157995,1.46197921555635
"866",0.427312653378861,-1.31166547796029,0.604404449046833,-0.958630034166974,0.900525731658856
"867",-1.11041295963078,0.428888859329951,1.09983595345487,-0.561413604870032,-0.941349200762222
"868",-0.757769603032535,-0.242087444425108,-0.770569246456001,-0.199688976805808,0.574070016501386
"869",-1.65435072110707,-0.314826628447365,0.507325430036179,-0.761691445806142,0.502522917248351
"870",-0.314752791027842,-0.522891228834309,0.0612013472720985,0.744427886164871,0.255136152630204
"871",-2.91909895063416,0.566622951375668,1.6621304145556,0.478368035868415,0.289681016576777
"872",1.50020703509226,-0.56222064745174,-0.107829098337822,-0.102616483762375,0.754265098657985
"873",-0.448139050016834,-0.90935849529734,-1.1591443879645,-0.77602749083472,1.1310298193745
"874",-0.888542163951868,0.550314775736623,1.02725844418837,-0.767909551024249,0.753444656092858
"875",-0.490703081422254,-0.384836448582653,0.305887655399061,-0.438469482463908,-1.46817111198105
"876",1.05898223069726,1.71945525739213,-0.35158498709254,0.0339588097178787,1.78462674372206
"877",-0.929222728635138,1.58090794018304,-1.03367112129398,-0.592439535307721,0.247326067913377
"878",0.419612246560807,-1.26160818425266,-0.591275173109564,-1.00597058461556,0.290759649939163
"879",0.903971237449394,-1.18910475764221,0.350548085063038,0.517737666413768,-1.40096014318394
"880",1.07419375482645,0.860933559482319,0.709525690270563,0.158562478489228,0.518422298220632
"881",0.83663915717742,-0.254264029642629,0.389842583492554,1.03408328748209,0.94980051195816
"882",-0.579172630038317,0.541816041990455,-0.116713213874861,0.858353422314898,0.773039307670768
"883",-0.0243912135842467,-0.498873354858903,-0.128981997036429,-0.475919026352139,0.436520158596103
"884",-0.0346505486379084,-0.888300706675745,-0.180095935624584,-0.264210838701597,0.451046469412392
"885",-1.83885088269865,-0.89919035326092,0.894116804005594,2.15334863956329,-0.110470159766716
"886",-1.18701695105051,1.23255959398886,1.24121765958229,-0.583638698057263,-1.21067699257435
"887",0.235891029848826,-0.382948484536673,-1.09705608574731,-0.949491800187112,0.312828565578838
"888",-0.845094508774637,0.124967673601347,1.12093113168158,0.386130749626022,-0.0159705775845529
"889",1.40610112565693,-0.682891327040982,0.386931881525535,1.64201437695693,0.333707938974662
"890",-0.384072609890899,0.208476899179111,1.09653555585156,0.0621566213781908,0.0755327013434062
"891",-1.58204218165229,0.834193750566444,0.957876197629761,-0.348043815286179,0.176701936480128
"892",-1.31888398891249,-1.5831344068509,-0.0250220226890059,0.45384628519429,-0.666642590003065
"893",0.940124273348438,-0.448577872844815,0.315467770225943,-0.820584959063169,-1.37293537621874
"894",0.898579325099443,-0.628247683599998,1.37022884190503,-1.29105685984685,0.576395237715535
"895",0.0691614290163158,-0.51062389851016,0.248892216596281,0.737080422974199,0.705827653031297
"896",-0.596025199415823,1.08106845183812,-0.25891386370385,0.380275537903408,-1.05929354315157
"897",0.187873544585275,-1.12988157185215,-0.0108487269004785,-0.662624482852163,-1.29466952504991
"898",0.612211708248777,-0.469372615245317,0.297453361166438,-0.445186986761555,1.64004461563034
"899",0.919665547841266,0.945400717263416,-1.29649733676207,-1.51840612664542,0.654987526269033
"900",0.854623265733686,0.0896962547610132,0.553620495438802,-1.86085423333509,-1.09839931175169
"901",-0.892438073413625,0.113943653934797,0.438911561486878,0.794337808467072,0.601948336299022
"902",-1.05912598623376,-0.376522963092854,-0.894101754044525,-0.727904772358491,-0.852704041538277
"903",0.218677417912138,2.46627169182273,-1.52640896065136,0.12828719152944,-0.723068992958076
"904",-0.708463515738233,-1.1784695190381,1.63405928508893,0.562876868841887,0.875169798160631
"905",-0.252610692783806,0.576976301706815,-1.49651124102232,0.306171627188597,0.215853227300117
"906",0.700871898645689,1.43192402579139,-0.385251411286511,-0.487039304554447,-0.588093739577381
"907",-0.602633123982197,-0.51996104808387,-0.187534908609909,-0.603788588500331,2.44591372484788
"908",-0.8263428322215,-0.526725718156324,1.75531216223887,0.522865215540595,-0.0241418774590404
"909",-0.0301110508926013,0.691500445090005,-0.5711597800766,0.130599902697939,0.809423422166181
"910",0.480724256641195,0.521772167827555,0.86575969178902,0.0971175536092731,0.20009734212241
"911",-0.230154539928905,1.48859148570145,-0.440755001669208,0.585962208754686,0.923750867268053
"912",1.10994199243744,0.749505043301253,-0.895768923705283,-1.44776629144022,3.19142432308052
"913",-0.780006208672373,-1.99974347916011,-0.262848702207659,-0.353806238422259,-0.984872821941859
"914",1.24946456538587,-1.30466092638968,-0.641061381456195,0.900382377005291,0.62475001383379
"915",-0.281685265529319,0.234550031710238,1.64702463825983,0.223990069269076,-1.55232818163262
"916",0.905947237200757,0.016842662089912,-1.38723355005689,0.364520068349424,0.531901122647727
"917",-0.0688073030563731,-0.236063827011156,0.794674199408952,2.0117473466524,1.28068191542561
"918",-2.24922974652287,-0.891820332554897,-1.50418522353125,2.98956527539408,0.0385628216632669
"919",1.00735734171117,0.127570291841311,-0.928935584208924,1.87097666968418,-1.11747946876819
"920",0.695380038328146,1.11777430639393,-1.07757008662838,1.0601213349024,1.3299271692562
"921",0.86700346162216,0.602931004293433,0.499219781802579,-2.01919285562759,-0.563759601420567
"922",0.248759177384937,0.635721810184254,0.38397652010081,-0.10721303723069,-2.08538306978944
"923",1.86435229149703,0.302038913701057,1.87101834507202,-0.365456838101159,-1.21450764184373
"924",1.08657482460682,-1.72120107517917,-1.58358980005971,1.09571874310747,0.385916258436639
"925",0.0756499535250761,-0.166018188065314,1.9211550027733,0.616216821161089,1.01167930626949
"926",-0.675925903720541,0.879401355401583,0.684165895674324,1.92801521057165,-0.00397445919137115
"927",-0.683762277552499,-1.59911844312422,-0.982729627849382,-0.816744733970681,-0.683045554178914
"928",-1.16162859836154,2.46253892816024,1.9066115884728,1.46868797175728,0.913005881814914
"929",-1.17561317617217,0.984730274438273,0.540788711862049,1.81792677207223,0.676719155478565
"930",0.536769167242018,2.31079329673851,0.716497635688572,-0.350545741147569,0.424223326763275
"931",-0.0232696766945318,-0.0933515327686105,-0.560688382572173,-0.483137566882474,-0.978156263309126
"932",-0.62268856370146,2.54490877107354,-0.333636569763574,-0.919265035047048,-0.179360449269352
"933",-0.192042451976189,-1.71776248711165,0.131808410623305,-0.718704632826111,0.37630009702775
"934",-0.358560693977098,0.464952898831061,-0.492018046415181,-0.622335047492921,1.61932956762839
"935",-0.785167263177257,0.990791844255482,1.28163123716463,-1.2167510615788,0.0761481707329406
"936",-0.496647559237558,1.576567791348,0.0549729639336605,-1.13388332274152,0.564890248279744
"937",0.146699283126021,1.0486688903199,0.47627040709263,0.347402456015096,0.423410771248748
"938",1.21372452216021,-0.0118919988661477,0.0723775963208152,-0.448710889185359,1.3590880622197
"939",-0.476156042687239,0.725716997590073,1.33458069576011,1.78841010653405,-0.695868064792533
"940",0.53397384898771,0.773173556083194,-0.167230638438883,0.0946625481801079,-0.379072609145442
"941",-0.246719043372732,0.17078663857452,0.39378457616102,0.331944368551334,2.44182657780939
"942",-1.94601469187858,-1.12185775924981,-0.763211033982516,-0.928667235801228,0.734353511302277
"943",-1.09430529460536,0.443204158381498,-1.95142304556953,0.70542636606642,-1.77660054934199
"944",0.29866344214886,-0.564078505358549,1.17249696404037,-0.215706792053501,1.688124051983
"945",-0.258187165507599,-0.408388276114977,-0.815716366207055,0.387898689708872,1.16399558046249
"946",-0.680128385187851,0.577305331305179,1.23271247811535,-1.51827233473216,-0.896408272858654
"947",-0.14970460343364,-0.675514867542212,0.624454274342401,-0.024908380787388,1.19772874901133
"948",-0.986739761806492,-0.697710145122903,0.644129045656508,-0.293514631273836,-0.588883164233291
"949",-1.55274352033183,0.097197934672266,0.996412996076468,-0.858337999543907,-1.38135633553066
"950",-1.55793672185118,0.763251483250537,1.98036072942753,-0.689842733687236,1.52316567326375
"951",-1.22980931415805,1.2433120300962,-1.13491056118871,-1.20486844541899,-2.39792227595285
"952",-0.807445999630853,-0.863358863227689,-1.2230769700343,-0.35894633814395,0.86706986668268
"953",-0.633646878820178,-0.481693884116759,1.29841976011831,3.29336772444295,0.352265125770762
"954",-0.426511678353283,1.12144898432471,0.131451993397203,-0.280985695593716,0.909249884764315
"955",0.46234664415885,0.858133126423074,1.46999350577791,0.761213466143409,0.107390375409824
"956",0.110796810305653,0.343842872329793,-0.19681233841281,1.19912274534759,0.927007148838696
"957",0.951037934645166,-0.255179061920077,-0.999432417777947,2.07358938056146,-0.941301379513912
"958",2.82708581618083,-0.00250267891613888,0.409839605384663,-1.28620027904895,1.14603298051527
"959",2.46519736647567,-0.466033607138054,2.07831190816243,-0.444181177642443,-0.324893904935299
"960",2.03604234665435,-0.690653738834145,-0.300423464806006,-1.18497703540945,0.0148590870254619
"961",-0.250596431267654,-0.447257359081598,-0.923055681731353,-1.01594409709689,-0.59448936985075
"962",0.62985794329559,-1.93521952280942,-0.884331142286863,-1.91290413095395,0.938645965016861
"963",-0.0174026699533657,-0.576231708441038,-1.04182909513301,1.33778958032789,-1.8659516467073
"964",-0.103508197063808,0.74659768713817,-0.0185121519694347,1.35499644536305,-0.454309167387239
"965",-0.280268066865265,-0.111286983821945,0.986257325479419,0.769160902525905,1.75782178829176
"966",0.512674900191688,0.468164799599493,-1.79072961113597,0.717402149650961,0.864589765418626
"967",-0.164758827239019,-0.496851090680826,-1.14406074512472,-0.182025233407039,0.133384846731781
"968",-2.1317263410702,-0.0313757408076156,1.33046993719088,0.832329130891233,-0.184448717094337
"969",2.86376700730798,-0.149816729697443,0.86809521086212,-0.689185352967417,0.677999671352939
"970",0.319886325658601,-1.53977645764478,-0.821356719931266,0.0788363762997601,0.684062739613627
"971",-0.658533615068338,-0.366389280047883,-0.932767078890578,1.97100015844997,0.0991672164544811
"972",-0.649740155960442,1.11900753815757,-2.05505312774484,-0.262055917374098,-0.0265736097979797
"973",-0.135374107600736,-0.551878293035324,-1.0897298054734,0.727639490693045,-1.11058032794697
"974",1.06794387070914,-0.662997320387795,0.437971556870855,-1.92143470640002,-0.549308017009541
"975",-0.209479911000198,0.517829320845457,-3.17317719628199,-1.53123168372745,0.308601726686967
"976",-0.851715339040353,0.730150011775466,0.364108982503994,0.92078868774937,-1.2613486697642
"977",1.95357655252762,0.734313437896351,-0.325964710755556,-0.518394551924962,1.48455003349489
"978",0.113708602282201,0.488093449788214,0.640751926272076,0.985075895400621,0.833008531866965
"979",0.527981316169011,2.07017276429974,-0.0208343967336509,-0.612180798715643,2.84506169373277
"980",0.0314625244334092,-0.665417951256312,0.281431750536434,-0.615922914917278,1.1123181100385
"981",1.467761216281,0.458235212014139,-1.97450507420834,1.09875769362034,1.85046232935222
"982",0.906286705143735,-1.85622697081779,-1.44670765323223,-0.256388458955164,-0.396885390299324
"983",-1.39223809976654,0.454701248403032,0.915422946348723,0.136941992467011,1.00971230720514
"984",-0.266854134956809,-0.224349092887894,0.926306876056986,-0.192713344988419,-0.867899510783183
"985",0.905912404346745,-0.813112301545215,1.85709859964732,1.02226159789718,-1.89228486664539
"986",-1.31654468664615,1.27561596384305,-0.439065651534774,0.675725344068641,-0.429628264030572
"987",-0.426518396614171,0.6297552783259,1.25219915678126,0.416103516698531,0.196255984599376
"988",-0.226988119262766,-0.716800538205013,-0.693184052624503,-0.929321476541081,-0.129992864229128
"989",0.840955658386665,-0.74414477408959,-0.717008904651598,2.13918548657087,0.993469238248879
"990",2.32939067388598,0.255805396964915,0.703500063583283,-0.445088033410045,-1.90839975163033
"991",0.0767029003672903,-0.437485739297592,-0.64742237201279,-1.04353120119439,1.19597071573625
"992",0.64552648304304,0.497562266913441,-0.697272996060525,0.387836217072131,1.58862162661183
"993",-0.731916540065735,3.32536018860948,1.22248482171011,1.03080640134739,2.58185566466893
"994",2.1165433691471,-0.376934750196917,1.22197101917934,0.43433121397907,-1.45610452522638
"995",-0.835432133227471,0.50265098551279,-0.0780314900497445,-0.237379719198441,0.0760726698659005
"996",-0.0426814619622201,0.829703376519969,1.24637670754276,2.27861283347078,0.294991882365068
"997",1.46270388374764,1.25182583622756,0.357265922181264,-0.541435393656655,0.598204090315536
"998",-0.0915125248382093,1.50745726767339,-1.51454799571665,-0.699843862926344,0.132650016792778
"999",-0.236673002813143,0.112502050696829,1.81057858449963,0.258368004615157,2.01745755160432
"1000",1.32674077757096,0.341588862848675,1.44341433792348,-0.0135048990547993,-1.62697534269502
